VFG000349::psaE	1	0	.	.	genus:Yersinia,species:pestis,strain:CO92,gene_name:psaE,vf_name:Myf/pH6 antigen,vf_accession:VF0134
VFG000350::psaF	1	0	.	.	genus:Yersinia,species:pestis,strain:CO92,gene_name:psaF,vf_name:Myf/pH6 antigen,vf_accession:VF0134
VFG000351::antigen_4	1	0	.	.	genus:Yersinia,species:pestis,strain:CO92,gene_name:antigen 4,vf_name:Myf/pH6 antigen,vf_accession:VF0134
VFG000352::psaB	1	0	.	.	genus:Yersinia,species:pestis,strain:CO92,gene_name:psaB,vf_name:Myf/pH6 antigen,vf_accession:VF0134
VFG000353::psaC	1	0	.	.	genus:Yersinia,species:pestis,strain:CO92,gene_name:psaC,vf_name:Myf/pH6 antigen,vf_accession:VF0134
VFG000354::ail	1	0	.	.	genus:Yersinia,species:pestis,strain:CO92,gene_name:ail,vf_name:Ail,vf_accession:VF0132
VFG000356::inv	1	0	.	.	genus:Yersinia,species:enterocolitica,strain:W1024,gene_name:inv,vf_name:Invasin,vf_accession:VF0131
VFG000358::fyuA	1	0	.	.	genus:Yersinia,species:pestis,strain:CO92,gene_name:fyuA,vf_name:Yersiniabactin,vf_accession:VF0136
VFG000359::ybtE	1	0	.	.	genus:Yersinia,species:pestis,strain:CO92,gene_name:ybtE,vf_name:Yersiniabactin,vf_accession:VF0136
VFG000360::ybtT	1	0	.	.	genus:Yersinia,species:pestis,strain:CO92,gene_name:ybtT,vf_name:Yersiniabactin,vf_accession:VF0136
VFG000361::ybtU	1	0	.	.	genus:Yersinia,species:pestis,strain:CO92,gene_name:ybtU,vf_name:Yersiniabactin,vf_accession:VF0136
VFG000362::irp1	1	0	.	.	genus:Yersinia,species:pestis,strain:CO92,gene_name:irp1,vf_name:Yersiniabactin,vf_accession:VF0136
VFG000363::irp2	1	0	.	.	genus:Yersinia,species:pestis,strain:CO92,gene_name:irp2,vf_name:Yersiniabactin,vf_accession:VF0136
VFG000364::ybtA	1	0	.	.	genus:Yersinia,species:pestis,strain:CO92,gene_name:ybtA,vf_name:Yersiniabactin,vf_accession:VF0136
VFG000365::ybtP	1	0	.	.	genus:Yersinia,species:pestis,strain:CO92,gene_name:ybtP,vf_name:Yersiniabactin,vf_accession:VF0136
VFG000366::ybtQ	1	0	.	.	genus:Yersinia,species:pestis,strain:CO92,gene_name:ybtQ,vf_name:Yersiniabactin,vf_accession:VF0136
VFG000367::ybtX	1	0	.	.	genus:Yersinia,species:pestis,strain:CO92,gene_name:ybtX,vf_name:Yersiniabactin,vf_accession:VF0136
VFG000368::ybtS	1	0	.	.	genus:Yersinia,species:pestis,strain:CO92,gene_name:ybtS,vf_name:Yersiniabactin,vf_accession:VF0136
VFG000371::yadA	0	0	.	.	genus:Yersinia,species:pestis,strain:CO92,gene_name:yadA,vf_name:YadA,vf_accession:VF0133
VFG000372::sycE/yerA	1	0	.	.	genus:Yersinia,species:pestis,strain:CO92,gene_name:sycE/yerA,vf_name:TTSS,vf_accession:VF0140
VFG000373::yopE	1	0	.	.	genus:Yersinia,species:pestis,strain:CO92,gene_name:yopE,vf_name:TTSS,vf_accession:VF0140
VFG000374::yopK/yopQ	1	0	.	.	genus:Yersinia,species:pestis,strain:CO92,gene_name:yopK/yopQ,vf_name:TTSS,vf_accession:VF0140
VFG000375::yopT	1	0	.	.	genus:Yersinia,species:pestis,strain:CO92,gene_name:yopT,vf_name:TTSS,vf_accession:VF0140
VFG000376::sycT	1	0	.	.	genus:Yersinia,species:pestis,strain:CO92,gene_name:sycT,vf_name:TTSS,vf_accession:VF0140
VFG000377::yopM	1	0	.	.	genus:Yersinia,species:pestis,strain:CO92,gene_name:yopM,vf_name:TTSS,vf_accession:VF0140
VFG000378::yopD	1	0	.	.	genus:Yersinia,species:pestis,strain:CO92,gene_name:yopD,vf_name:TTSS,vf_accession:VF0140
VFG000379::yopB	1	0	.	.	genus:Yersinia,species:pestis,strain:CO92,gene_name:yopB,vf_name:TTSS,vf_accession:VF0140
VFG000380::sycD/lcrH	1	0	.	.	genus:Yersinia,species:pestis,strain:CO92,gene_name:sycD/lcrH,vf_name:TTSS,vf_accession:VF0140
VFG000381::lcrV	1	0	.	.	genus:Yersinia,species:pestis,strain:CO92,gene_name:lcrV,vf_name:TTSS,vf_accession:VF0140
VFG000382::lcrG	1	0	.	.	genus:Yersinia,species:pestis,strain:CO92,gene_name:lcrG,vf_name:TTSS,vf_accession:VF0140
VFG000383::lcrR	1	0	.	.	genus:Yersinia,species:pestis,strain:CO92,gene_name:lcrR,vf_name:TTSS,vf_accession:VF0140
VFG000384::yscV/lcrD	1	0	.	.	genus:Yersinia,species:pestis,strain:CO92,gene_name:yscV/lcrD,vf_name:TTSS,vf_accession:VF0140
VFG000385::yscY	1	0	.	.	genus:Yersinia,species:pestis,strain:CO92,gene_name:yscY,vf_name:TTSS,vf_accession:VF0140
VFG000386::yscX	1	0	.	.	genus:Yersinia,species:pestis,strain:CO92,gene_name:yscX,vf_name:TTSS,vf_accession:VF0140
VFG000387::sycN	1	0	.	.	genus:Yersinia,species:pestis,strain:CO92,gene_name:sycN,vf_name:TTSS,vf_accession:VF0140
VFG000388::tyeA	1	0	.	.	genus:Yersinia,species:pestis,strain:CO92,gene_name:tyeA,vf_name:TTSS,vf_accession:VF0140
VFG000389::lcrE/yopN	1	0	.	.	genus:Yersinia,species:pestis,strain:CO92,gene_name:lcrE/yopN,vf_name:TTSS,vf_accession:VF0140
VFG000390::yscN	1	0	.	.	genus:Yersinia,species:pestis,strain:CO92,gene_name:yscN,vf_name:TTSS,vf_accession:VF0140
VFG000391::yscO	1	0	.	.	genus:Yersinia,species:pestis,strain:CO92,gene_name:yscO,vf_name:TTSS,vf_accession:VF0140
VFG000392::yscP	1	0	.	.	genus:Yersinia,species:pestis,strain:CO92,gene_name:yscP,vf_name:TTSS,vf_accession:VF0140
VFG000393::yscQ	1	0	.	.	genus:Yersinia,species:pestis,strain:CO92,gene_name:yscQ,vf_name:TTSS,vf_accession:VF0140
VFG000394::yscR	1	0	.	.	genus:Yersinia,species:pestis,strain:CO92,gene_name:yscR,vf_name:TTSS,vf_accession:VF0140
VFG000395::yscS	1	0	.	.	genus:Yersinia,species:pestis,strain:CO92,gene_name:yscS,vf_name:TTSS,vf_accession:VF0140
VFG000396::yscT	1	0	.	.	genus:Yersinia,species:pestis,strain:CO92,gene_name:yscT,vf_name:TTSS,vf_accession:VF0140
VFG000397::yscU	1	0	.	.	genus:Yersinia,species:pestis,strain:CO92,gene_name:yscU,vf_name:TTSS,vf_accession:VF0140
VFG000398::virG/yscW	1	0	.	.	genus:Yersinia,species:pestis,strain:CO92,gene_name:virG/yscW,vf_name:TTSS,vf_accession:VF0140
VFG000400::yscA	1	0	.	.	genus:Yersinia,species:pestis,strain:CO92,gene_name:yscA,vf_name:TTSS,vf_accession:VF0140
VFG000401::yscB	1	0	.	.	genus:Yersinia,species:pestis,strain:CO92,gene_name:yscB,vf_name:TTSS,vf_accession:VF0140
VFG000402::yscC	1	0	.	.	genus:Yersinia,species:pestis,strain:CO92,gene_name:yscC,vf_name:TTSS,vf_accession:VF0140
VFG000403::yscD	1	0	.	.	genus:Yersinia,species:pestis,strain:CO92,gene_name:yscD,vf_name:TTSS,vf_accession:VF0140
VFG000404::yscE	1	0	.	.	genus:Yersinia,species:pestis,strain:CO92,gene_name:yscE,vf_name:TTSS,vf_accession:VF0140
VFG000405::yscF	1	0	.	.	genus:Yersinia,species:pestis,strain:CO92,gene_name:yscF,vf_name:TTSS,vf_accession:VF0140
VFG000406::yscG	1	0	.	.	genus:Yersinia,species:pestis,strain:CO92,gene_name:yscG,vf_name:TTSS,vf_accession:VF0140
VFG000407::yopR/yscH/lcrP	1	0	.	.	genus:Yersinia,species:pestis,strain:CO92,gene_name:yopR/yscH/lcrP,vf_name:TTSS,vf_accession:VF0140
VFG000408::lcrO/yscI	1	0	.	.	genus:Yersinia,species:pestis,strain:CO92,gene_name:lcrO/yscI,vf_name:TTSS,vf_accession:VF0140
VFG000409::ylpB/yscJ	1	0	.	.	genus:Yersinia,species:pestis,strain:CO92,gene_name:ylpB/yscJ,vf_name:TTSS,vf_accession:VF0140
VFG000410::yscK	1	0	.	.	genus:Yersinia,species:pestis,strain:CO92,gene_name:yscK,vf_name:TTSS,vf_accession:VF0140
VFG000411::yscL	1	0	.	.	genus:Yersinia,species:pestis,strain:CO92,gene_name:yscL,vf_name:TTSS,vf_accession:VF0140
VFG000412::lcrQ/yscM	1	0	.	.	genus:Yersinia,species:pestis,strain:CO92,gene_name:lcrQ/yscM,vf_name:TTSS,vf_accession:VF0140
VFG000413::yopH	1	0	.	.	genus:Yersinia,species:pestis,strain:CO92,gene_name:yopH,vf_name:TTSS,vf_accession:VF0140
VFG000414::yopJ/yopP	1	0	.	.	genus:Yersinia,species:pestis,strain:CO92,gene_name:yopJ/yopP,vf_name:TTSS,vf_accession:VF0140
VFG000415::yopO/ypkA	1	0	.	.	genus:Yersinia,species:pestis,strain:CO92,gene_name:yopO/ypkA,vf_name:TTSS,vf_accession:VF0140
VFG000416::sycH	1	0	.	.	genus:Yersinia,species:pestis,strain:CO92,gene_name:sycH,vf_name:TTSS,vf_accession:VF0140
VFG000417::pla	1	0	.	.	genus:Yersinia,species:pestis,strain:CO92,gene_name:pla,vf_name:Pla,vf_accession:VF0139
VFG000418::caf1	1	0	.	.	genus:Yersinia,species:pestis,strain:CO92,gene_name:caf1,vf_name:F1 antigen,vf_accession:VF0138
VFG000419::caf1A	1	0	.	.	genus:Yersinia,species:pestis,strain:CO92,gene_name:caf1A,vf_name:F1 antigen,vf_accession:VF0138
VFG000420::caf1M	1	0	.	.	genus:Yersinia,species:pestis,strain:CO92,gene_name:caf1M,vf_name:F1 antigen,vf_accession:VF0138
VFG000421::caf1R	1	0	.	.	genus:Yersinia,species:pestis,strain:CO92,gene_name:caf1R,vf_name:F1 antigen,vf_accession:VF0138
VFG000422::ymt	1	0	.	.	genus:Yersinia,species:pestis,strain:CO92,gene_name:ymt,vf_name:Ymt,vf_accession:VF0137
VFG000423::vexE	1	0	.	.	genus:Salmonella,species:enterica,strain:subsp. enterica serovar Typhi str. CT18,gene_name:vexE,vf_name:Vi antigen,vf_accession:VF0101
VFG000424::vexD	1	0	.	.	genus:Salmonella,species:enterica,strain:subsp. enterica serovar Typhi str. CT18,gene_name:vexD,vf_name:Vi antigen,vf_accession:VF0101
VFG000425::vexC	1	0	.	.	genus:Salmonella,species:enterica,strain:subsp. enterica serovar Typhi str. CT18,gene_name:vexC,vf_name:Vi antigen,vf_accession:VF0101
VFG000426::ABC-2_type_transporter	1	0	.	.	genus:Salmonella,species:enterica,strain:subsp. enterica serovar Typhi str. CT18,gene_name:ABC-2 type transporter,vf_name:Vi antigen,vf_accession:VF0101
VFG000427::vexA	1	0	.	.	genus:Salmonella,species:enterica,strain:subsp. enterica serovar Typhi str. CT18,gene_name:vexA,vf_name:Vi antigen,vf_accession:VF0101
VFG000428::tviE	1	0	.	.	genus:Salmonella,species:enterica,strain:subsp. enterica serovar Typhi str. CT18,gene_name:tviE,vf_name:Vi antigen,vf_accession:VF0101
VFG000429::tviD	1	0	.	.	genus:Salmonella,species:enterica,strain:subsp. enterica serovar Typhi str. CT18,gene_name:tviD,vf_name:Vi antigen,vf_accession:VF0101
VFG000430::tviC	1	0	.	.	genus:Salmonella,species:enterica,strain:subsp. enterica serovar Typhi str. CT18,gene_name:tviC,vf_name:Vi antigen,vf_accession:VF0101
VFG000431::tviB	1	0	.	.	genus:Salmonella,species:enterica,strain:subsp. enterica serovar Typhi str. CT18,gene_name:tviB,vf_name:Vi antigen,vf_accession:VF0101
VFG000433::pefD	1	0	.	.	genus:Salmonella,species:enterica,strain:subsp. enterica serovar Typhimurium str. LT2,gene_name:pefD,vf_name:Pef,vf_accession:VF0104
VFG000434::pefC	1	0	.	.	genus:Salmonella,species:enterica,strain:subsp. enterica serovar Typhimurium str. LT2,gene_name:pefC,vf_name:Pef,vf_accession:VF0104
VFG000435::pefA	1	0	.	.	genus:Salmonella,species:enterica,strain:subsp. enterica serovar Typhimurium str. LT2,gene_name:pefA,vf_name:Pef,vf_accession:VF0104
VFG000436::pefB	1	0	.	.	genus:Salmonella,species:enterica,strain:subsp. enterica serovar Typhimurium str. LT2,gene_name:pefB,vf_name:Pef,vf_accession:VF0104
VFG000438::spvC	1	0	.	.	genus:Salmonella,species:enterica,strain:subsp. enterica serovar Typhimurium str. LT2,gene_name:spvC,vf_name:Spv,vf_accession:VF0107
VFG000439::spvB	1	0	.	.	genus:Salmonella,species:enterica,strain:subsp. enterica serovar Typhimurium str. LT2,gene_name:spvB,vf_name:Spv,vf_accession:VF0107
VFG000441::spvR	1	0	.	.	genus:Salmonella,species:enterica,strain:subsp. enterica serovar Typhimurium str. LT2,gene_name:spvR,vf_name:Spv,vf_accession:VF0107
VFG000442::rck	1	0	.	.	genus:Salmonella,species:enterica,strain:subsp. enterica serovar Typhimurium str. LT2,gene_name:rck,vf_name:Rck,vf_accession:VF0108
VFG000444::fimI	1	0	.	.	genus:Salmonella,species:enterica,strain:subsp. enterica serovar Typhimurium str. LT2,gene_name:fimI,vf_name:Type 1 fimbriae,vf_accession:VF0102
VFG000445::fimC	1	0	.	.	genus:Salmonella,species:enterica,strain:subsp. enterica serovar Typhimurium str. LT2,gene_name:fimC,vf_name:Type 1 fimbriae,vf_accession:VF0102
VFG000446::fimD	1	0	.	.	genus:Salmonella,species:enterica,strain:subsp. enterica serovar Typhimurium str. LT2,gene_name:fimD,vf_name:Type 1 fimbriae,vf_accession:VF0102
VFG000447::fimH	1	0	.	.	genus:Salmonella,species:enterica,strain:subsp. enterica serovar Typhimurium str. LT2,gene_name:fimH,vf_name:Type 1 fimbriae,vf_accession:VF0102
VFG000448::fimF	1	0	.	.	genus:Salmonella,species:enterica,strain:subsp. enterica serovar Typhimurium str. LT2,gene_name:fimF,vf_name:Type 1 fimbriae,vf_accession:VF0102
VFG000452::lpfE	1	0	.	.	genus:Salmonella,species:enterica,strain:subsp. enterica serovar Typhimurium str. LT2,gene_name:lpfE,vf_name:Lpf,vf_accession:VF0105
VFG000453::lpfD	1	0	.	.	genus:Salmonella,species:enterica,strain:subsp. enterica serovar Typhimurium str. LT2,gene_name:lpfD,vf_name:Lpf,vf_accession:VF0105
VFG000454::lpfC	1	0	.	.	genus:Salmonella,species:enterica,strain:subsp. enterica serovar Typhimurium str. LT2,gene_name:lpfC,vf_name:Lpf,vf_accession:VF0105
VFG000455::lpfB	1	0	.	.	genus:Salmonella,species:enterica,strain:subsp. enterica serovar Typhimurium str. LT2,gene_name:lpfB,vf_name:Lpf,vf_accession:VF0105
VFG000456::lpfA	1	0	.	.	genus:Salmonella,species:enterica,strain:subsp. enterica serovar Typhimurium str. LT2,gene_name:lpfA,vf_name:Lpf,vf_accession:VF0105
VFG000457::csgB	1	0	.	.	genus:Salmonella,species:enterica,strain:subsp. enterica serovar Typhimurium str. LT2,gene_name:csgB,vf_name:Agf,vf_accession:VF0103
VFG000458::csgA	1	0	.	.	genus:Salmonella,species:enterica,strain:subsp. enterica serovar Typhimurium str. LT2,gene_name:csgA,vf_name:Agf,vf_accession:VF0103
VFG000459::csgC	1	0	.	.	genus:Salmonella,species:enterica,strain:subsp. enterica serovar Typhimurium str. LT2,gene_name:csgC,vf_name:Agf,vf_accession:VF0103
VFG000460::csgE	1	0	.	.	genus:Salmonella,species:enterica,strain:subsp. enterica serovar Typhimurium str. LT2,gene_name:csgE,vf_name:Agf,vf_accession:VF0103
VFG000461::csgF	1	0	.	.	genus:Salmonella,species:enterica,strain:subsp. enterica serovar Typhimurium str. LT2,gene_name:csgF,vf_name:Agf,vf_accession:VF0103
VFG000462::csgG	1	0	.	.	genus:Salmonella,species:enterica,strain:subsp. enterica serovar Typhimurium str. LT2,gene_name:csgG,vf_name:Agf,vf_accession:VF0103
VFG000463::sodCI	1	0	.	.	genus:Salmonella,species:enterica,strain:subsp. enterica serovar Typhimurium str. LT2,gene_name:sodCI,vf_name:SodCI,vf_accession:VF0109
VFG000464::sopA	1	0	.	.	genus:Salmonella,species:enterica,strain:subsp. enterica serovar Typhimurium str. LT2,gene_name:sopA,vf_name:TTSS(SPI-1 encode),vf_accession:VF0116
VFG000465::sopB/sigD	1	0	.	.	genus:Salmonella,species:enterica,strain:subsp. enterica serovar Typhimurium str. LT2,gene_name:sopB/sigD,vf_name:TTSS(SPI-1 encode),vf_accession:VF0116
VFG000466::sopD	1	0	.	.	genus:Salmonella,species:enterica,strain:subsp. enterica serovar Typhimurium str. LT2,gene_name:sopD,vf_name:TTSS(SPI-1 encode),vf_accession:VF0116
VFG000467::sopE2	1	0	.	.	genus:Salmonella,species:enterica,strain:subsp. enterica serovar Typhimurium str. LT2,gene_name:sopE2,vf_name:TTSS(SPI-1 encode),vf_accession:VF0116
VFG000468::sspH2	1	0	.	.	genus:Salmonella,species:enterica,strain:subsp. enterica serovar Typhimurium str. LT2,gene_name:sspH2,vf_name:TTSS(SPI-2 encode),vf_accession:VF0321
VFG000469::slrP	1	0	.	.	genus:Salmonella,species:enterica,strain:subsp. enterica serovar Typhimurium str. LT2,gene_name:slrP,vf_name:TTSS(SPI-1 encode),vf_accession:VF0116
VFG000470::sifA	1	0	.	.	genus:Salmonella,species:enterica,strain:subsp. enterica serovar Typhimurium str. LT2,gene_name:sifA,vf_name:TTSS(SPI-2 encode),vf_accession:VF0321
VFG000471::sseJ	1	0	.	.	genus:Salmonella,species:enterica,strain:subsp. enterica serovar Typhimurium str. LT2,gene_name:sseJ,vf_name:TTSS(SPI-2 encode),vf_accession:VF0321
VFG000476::grvA	1	0	.	.	genus:Salmonella,species:enterica,strain:(serovar typhimurium),gene_name:grvA,vf_name:GrvA,vf_accession:VF0110
VFG000494::spiC/ssaB	1	0	.	.	genus:Salmonella,species:enterica,strain:subsp. enterica serovar Typhimurium str. LT2,gene_name:spiC/ssaB,vf_name:TTSS(SPI-2 encode),vf_accession:VF0321
VFG000495::ssaC	1	0	.	.	genus:Salmonella,species:enterica,strain:subsp. enterica serovar Typhimurium str. LT2,gene_name:ssaC,vf_name:TTSS(SPI-2 encode),vf_accession:VF0321
VFG000496::ssaD	1	0	.	.	genus:Salmonella,species:enterica,strain:subsp. enterica serovar Typhimurium str. LT2,gene_name:ssaD,vf_name:TTSS(SPI-2 encode),vf_accession:VF0321
VFG000497::ssaE	1	0	.	.	genus:Salmonella,species:enterica,strain:subsp. enterica serovar Typhimurium str. LT2,gene_name:ssaE,vf_name:TTSS(SPI-2 encode),vf_accession:VF0321
VFG000498::sseA	1	0	.	.	genus:Salmonella,species:enterica,strain:subsp. enterica serovar Typhimurium str. LT2,gene_name:sseA,vf_name:TTSS(SPI-2 encode),vf_accession:VF0321
VFG000499::sseB	1	0	.	.	genus:Salmonella,species:enterica,strain:subsp. enterica serovar Typhimurium str. LT2,gene_name:sseB,vf_name:TTSS(SPI-2 encode),vf_accession:VF0321
VFG000500::sscA	1	0	.	.	genus:Salmonella,species:enterica,strain:subsp. enterica serovar Typhimurium str. LT2,gene_name:sscA,vf_name:SPI-2 encoded T3SS,vf_accession:SS021
VFG000501::sseC	1	0	.	.	genus:Salmonella,species:enterica,strain:subsp. enterica serovar Typhimurium str. LT2,gene_name:sseC,vf_name:TTSS(SPI-2 encode),vf_accession:VF0321
VFG000502::sseD	1	0	.	.	genus:Salmonella,species:enterica,strain:subsp. enterica serovar Typhimurium str. LT2,gene_name:sseD,vf_name:TTSS(SPI-2 encode),vf_accession:VF0321
VFG000503::sseE	1	0	.	.	genus:Salmonella,species:enterica,strain:subsp. enterica serovar Typhimurium str. LT2,gene_name:sseE,vf_name:TTSS(SPI-2 encode),vf_accession:VF0321
VFG000504::sscB	1	0	.	.	genus:Salmonella,species:enterica,strain:subsp. enterica serovar Typhimurium str. LT2,gene_name:sscB,vf_name:SPI-2 encoded T3SS,vf_accession:SS021
VFG000505::sseF	1	0	.	.	genus:Salmonella,species:enterica,strain:subsp. enterica serovar Typhimurium str. LT2,gene_name:sseF,vf_name:TTSS(SPI-2 encode),vf_accession:VF0321
VFG000506::sseG	1	0	.	.	genus:Salmonella,species:enterica,strain:subsp. enterica serovar Typhimurium str. LT2,gene_name:sseG,vf_name:TTSS(SPI-2 encode),vf_accession:VF0321
VFG000507::ssaG	1	0	.	.	genus:Salmonella,species:enterica,strain:subsp. enterica serovar Typhimurium str. LT2,gene_name:ssaG,vf_name:TTSS(SPI-2 encode),vf_accession:VF0321
VFG000508::ssaH	1	0	.	.	genus:Salmonella,species:enterica,strain:subsp. enterica serovar Typhimurium str. LT2,gene_name:ssaH,vf_name:TTSS(SPI-2 encode),vf_accession:VF0321
VFG000509::ssaI	1	0	.	.	genus:Salmonella,species:enterica,strain:subsp. enterica serovar Typhimurium str. LT2,gene_name:ssaI,vf_name:TTSS(SPI-2 encode),vf_accession:VF0321
VFG000510::ssaJ	1	0	.	.	genus:Salmonella,species:enterica,strain:subsp. enterica serovar Typhimurium str. LT2,gene_name:ssaJ,vf_name:TTSS(SPI-2 encode),vf_accession:VF0321
VFG000511::ssaK	1	0	.	.	genus:Salmonella,species:enterica,strain:subsp. enterica serovar Typhimurium str. LT2,gene_name:ssaK,vf_name:TTSS(SPI-2 encode),vf_accession:VF0321
VFG000512::ssaL	1	0	.	.	genus:Salmonella,species:enterica,strain:subsp. enterica serovar Typhimurium str. LT2,gene_name:ssaL,vf_name:TTSS(SPI-2 encode),vf_accession:VF0321
VFG000513::ssaM	1	0	.	.	genus:Salmonella,species:enterica,strain:subsp. enterica serovar Typhimurium str. LT2,gene_name:ssaM,vf_name:TTSS(SPI-2 encode),vf_accession:VF0321
VFG000514::ssaV	1	0	.	.	genus:Salmonella,species:enterica,strain:subsp. enterica serovar Typhimurium str. LT2,gene_name:ssaV,vf_name:TTSS(SPI-2 encode),vf_accession:VF0321
VFG000515::ssaN	1	0	.	.	genus:Salmonella,species:enterica,strain:subsp. enterica serovar Typhimurium str. LT2,gene_name:ssaN,vf_name:TTSS(SPI-2 encode),vf_accession:VF0321
VFG000516::ssaO	1	0	.	.	genus:Salmonella,species:enterica,strain:subsp. enterica serovar Typhimurium str. LT2,gene_name:ssaO,vf_name:TTSS(SPI-2 encode),vf_accession:VF0321
VFG000517::ssaP	1	0	.	.	genus:Salmonella,species:enterica,strain:subsp. enterica serovar Typhimurium str. LT2,gene_name:ssaP,vf_name:TTSS(SPI-2 encode),vf_accession:VF0321
VFG000518::ssaQ	1	0	.	.	genus:Salmonella,species:enterica,strain:subsp. enterica serovar Typhimurium str. LT2,gene_name:ssaQ,vf_name:TTSS(SPI-2 encode),vf_accession:VF0321
VFG000519::ssaR	1	0	.	.	genus:Salmonella,species:enterica,strain:subsp. enterica serovar Typhimurium str. LT2,gene_name:ssaR,vf_name:TTSS(SPI-2 encode),vf_accession:VF0321
VFG000520::ssaS	1	0	.	.	genus:Salmonella,species:enterica,strain:subsp. enterica serovar Typhimurium str. LT2,gene_name:ssaS,vf_name:TTSS(SPI-2 encode),vf_accession:VF0321
VFG000521::ssaT	1	0	.	.	genus:Salmonella,species:enterica,strain:subsp. enterica serovar Typhimurium str. LT2,gene_name:ssaT,vf_name:TTSS(SPI-2 encode),vf_accession:VF0321
VFG000522::ssaU	1	0	.	.	genus:Salmonella,species:enterica,strain:subsp. enterica serovar Typhimurium str. LT2,gene_name:ssaU,vf_name:TTSS(SPI-2 encode),vf_accession:VF0321
VFG000529::avrA	1	0	.	.	genus:Salmonella,species:enterica,strain:subsp. enterica serovar Typhimurium str. LT2,gene_name:avrA,vf_name:TTSS(SPI-1 encode),vf_accession:VF0116
VFG000532::orgB	1	0	.	.	genus:Salmonella,species:enterica,strain:subsp. enterica serovar Typhimurium str. LT2,gene_name:orgB,vf_name:TTSS(SPI-1 encode),vf_accession:VF0116
VFG000533::prgK	1	0	.	.	genus:Salmonella,species:enterica,strain:subsp. enterica serovar Typhimurium str. LT2,gene_name:prgK,vf_name:TTSS(SPI-1 encode),vf_accession:VF0116
VFG000534::prgJ	1	0	.	.	genus:Salmonella,species:enterica,strain:subsp. enterica serovar Typhimurium str. LT2,gene_name:prgJ,vf_name:TTSS(SPI-1 encode),vf_accession:VF0116
VFG000535::prgI	1	0	.	.	genus:Salmonella,species:enterica,strain:subsp. enterica serovar Typhimurium str. LT2,gene_name:prgI,vf_name:TTSS(SPI-1 encode),vf_accession:VF0116
VFG000536::prgH	1	0	.	.	genus:Salmonella,species:enterica,strain:subsp. enterica serovar Typhimurium str. LT2,gene_name:prgH,vf_name:TTSS(SPI-1 encode),vf_accession:VF0116
VFG000540::sptP	1	0	.	.	genus:Salmonella,species:enterica,strain:subsp. enterica serovar Typhimurium str. LT2,gene_name:sptP,vf_name:TTSS(SPI-1 encode),vf_accession:VF0116
VFG000541::sicP	1	0	.	.	genus:Salmonella,species:enterica,strain:subsp. enterica serovar Typhimurium str. LT2,gene_name:sicP,vf_name:TTSS(SPI-1 encode),vf_accession:VF0116
VFG000543::sipA/sspA	1	0	.	.	genus:Salmonella,species:enterica,strain:subsp. enterica serovar Typhimurium str. LT2,gene_name:sipA/sspA,vf_name:TTSS(SPI-1 encode),vf_accession:VF0116
VFG000544::sipD	1	0	.	.	genus:Salmonella,species:enterica,strain:subsp. enterica serovar Typhimurium str. LT2,gene_name:sipD,vf_name:TTSS(SPI-1 encode),vf_accession:VF0116
VFG000545::sipC/sspC	1	0	.	.	genus:Salmonella,species:enterica,strain:subsp. enterica serovar Typhimurium str. LT2,gene_name:sipC/sspC,vf_name:TTSS(SPI-1 encode),vf_accession:VF0116
VFG000546::sipB/sspB	1	0	.	.	genus:Salmonella,species:enterica,strain:subsp. enterica serovar Typhimurium str. LT2,gene_name:sipB/sspB,vf_name:TTSS(SPI-1 encode),vf_accession:VF0116
VFG000547::sicA	1	0	.	.	genus:Salmonella,species:enterica,strain:subsp. enterica serovar Typhimurium str. LT2,gene_name:sicA,vf_name:TTSS(SPI-1 encode),vf_accession:VF0116
VFG000548::spaS	1	0	.	.	genus:Salmonella,species:enterica,strain:subsp. enterica serovar Typhimurium str. LT2,gene_name:spaS,vf_name:TTSS(SPI-1 encode),vf_accession:VF0116
VFG000549::spaR	1	0	.	.	genus:Salmonella,species:enterica,strain:subsp. enterica serovar Typhimurium str. LT2,gene_name:spaR,vf_name:TTSS(SPI-1 encode),vf_accession:VF0116
VFG000550::spaQ	1	0	.	.	genus:Salmonella,species:enterica,strain:subsp. enterica serovar Typhimurium str. LT2,gene_name:spaQ,vf_name:TTSS(SPI-1 encode),vf_accession:VF0116
VFG000551::spaP	1	0	.	.	genus:Salmonella,species:enterica,strain:subsp. enterica serovar Typhimurium str. LT2,gene_name:spaP,vf_name:TTSS(SPI-1 encode),vf_accession:VF0116
VFG000552::spaO	1	0	.	.	genus:Salmonella,species:enterica,strain:subsp. enterica serovar Typhimurium str. LT2,gene_name:spaO,vf_name:TTSS(SPI-1 encode),vf_accession:VF0116
VFG000553::invJ	1	0	.	.	genus:Salmonella,species:enterica,strain:subsp. enterica serovar Typhimurium str. LT2,gene_name:invJ,vf_name:TTSS(SPI-1 encode),vf_accession:VF0116
VFG000554::invI	1	0	.	.	genus:Salmonella,species:enterica,strain:subsp. enterica serovar Typhimurium str. LT2,gene_name:invI,vf_name:TTSS(SPI-1 encode),vf_accession:VF0116
VFG000555::invC	1	0	.	.	genus:Salmonella,species:enterica,strain:subsp. enterica serovar Typhimurium str. LT2,gene_name:invC,vf_name:TTSS(SPI-1 encode),vf_accession:VF0116
VFG000556::invB	1	0	.	.	genus:Salmonella,species:enterica,strain:subsp. enterica serovar Typhimurium str. LT2,gene_name:invB,vf_name:TTSS(SPI-1 encode),vf_accession:VF0116
VFG000557::invA	1	0	.	.	genus:Salmonella,species:enterica,strain:subsp. enterica serovar Typhimurium str. LT2,gene_name:invA,vf_name:TTSS(SPI-1 encode),vf_accession:VF0116
VFG000558::invE	1	0	.	.	genus:Salmonella,species:enterica,strain:subsp. enterica serovar Typhimurium str. LT2,gene_name:invE,vf_name:TTSS(SPI-1 encode),vf_accession:VF0116
VFG000559::invG	1	0	.	.	genus:Salmonella,species:enterica,strain:subsp. enterica serovar Typhimurium str. LT2,gene_name:invG,vf_name:TTSS(SPI-1 encode),vf_accession:VF0116
VFG000560::invF	1	0	.	.	genus:Salmonella,species:enterica,strain:subsp. enterica serovar Typhimurium str. LT2,gene_name:invF,vf_name:TTSS(SPI-1 encode),vf_accession:VF0116
VFG000561::invH	1	0	.	.	genus:Salmonella,species:enterica,strain:subsp. enterica serovar Typhimurium str. LT2,gene_name:invH,vf_name:TTSS(SPI-1 encode),vf_accession:VF0116
VFG000574::mgtB	1	0	.	.	genus:Salmonella,species:enterica,strain:subsp. enterica serovar Typhimurium str. LT2,gene_name:mgtB,vf_name:MgtBC,vf_accession:VF0106
VFG000575::mgtC	1	0	.	.	genus:Salmonella,species:enterica,strain:subsp. enterica serovar Typhimurium str. LT2,gene_name:mgtC,vf_name:MgtBC,vf_accession:VF0106
VFG000589::pipB	1	0	.	.	genus:Salmonella,species:enterica,strain:subsp. enterica serovar Typhimurium str. LT2,gene_name:pipB,vf_name:SPI-2 encoded T3SS,vf_accession:SS021
VFG000615::iucA	1	0	.	.	genus:Shigella,species:flexneri,strain:2a str. 301,gene_name:iucA,vf_name:Aerobactin,vf_accession:VF0123
VFG000616::iucB	1	0	.	.	genus:Shigella,species:flexneri,strain:2a str. 301,gene_name:iucB,vf_name:Aerobactin,vf_accession:VF0123
VFG000617::iucC	1	0	.	.	genus:Shigella,species:flexneri,strain:2a str. 301,gene_name:iucC,vf_name:Aerobactin,vf_accession:VF0123
VFG000618::iucD	1	0	.	.	genus:Shigella,species:flexneri,strain:2a str. 301,gene_name:iucD,vf_name:Aerobactin,vf_accession:VF0123
VFG000619::iutA	1	0	.	.	genus:Shigella,species:flexneri,strain:2a str. 301,gene_name:iutA,vf_name:Aerobactin,vf_accession:VF0123
VFG000630::sigA	1	0	.	.	genus:Shigella,species:flexneri,strain:2a str. 301,gene_name:sigA,vf_name:SigA,vf_accession:VF0119
VFG000635::pic	1	0	.	.	genus:Shigella,species:flexneri,strain:2a str. 301,gene_name:pic,vf_name:Pic,vf_accession:VF0120
VFG000636::set1B	1	0	.	.	genus:Shigella,species:flexneri,strain:2a str. 301,gene_name:set1B,vf_name:ShET1,vf_accession:VF0125
VFG000637::set1A	1	0	.	.	genus:Shigella,species:flexneri,strain:2a str. 301,gene_name:set1A,vf_name:ShET1,vf_accession:VF0125
VFG000667::icsA/virG	1	0	.	.	genus:Shigella,species:flexneri,strain:2a str. 301,gene_name:icsA/virG,vf_name:IcsA (VirG),vf_accession:VF0121
VFG000669::gtrA	1	0	.	.	genus:Shigella,species:flexneri,strain:2a str. 301,gene_name:gtrA,vf_name:LPS,vf_accession:VF0124
VFG000670::gtrB	1	0	.	.	genus:Shigella,species:flexneri,strain:2a str. 301,gene_name:gtrB,vf_name:LPS,vf_accession:VF0124
VFG000671::gtrII	1	0	.	.	genus:Shigella,species:flexneri,strain:2a str. 301,gene_name:gtrII,vf_name:LPS,vf_accession:VF0124
VFG000739::eae	1	0	.	.	genus:Escherichia,species:coli,strain:O127:H6 str. E2348/69,gene_name:eae,vf_name:Intimin,vf_accession:VF0177
VFG000743::espD	1	0	.	.	genus:Escherichia,species:coli,strain:O127:H6 str. E2348/69,gene_name:espD,vf_name:EspD,vf_accession:VF0180
VFG000744::espB	1	0	.	.	genus:Escherichia,species:coli,strain:O127:H6 str. E2348/69,gene_name:espB,vf_name:EspB,vf_accession:VF0179
VFG000748::espF	1	0	.	.	genus:Escherichia,species:coli,strain:O127:H6 str. E2348/69,gene_name:espF,vf_name:EspF,vf_accession:VF0182
VFG000749::bfpA	1	0	.	.	genus:Escherichia,species:coli,strain:B171,gene_name:bfpA,vf_name:BFP,vf_accession:VF0174
VFG000750::bfpG	1	0	.	.	genus:Escherichia,species:coli,strain:O127:H6 str. E2348/69,gene_name:bfpG,vf_name:BFP,vf_accession:VF0174
VFG000751::bfpB	1	0	.	.	genus:Escherichia,species:coli,strain:O127:H6 str. E2348/69,gene_name:bfpB,vf_name:BFP,vf_accession:VF0174
VFG000752::bfpC	1	0	.	.	genus:Escherichia,species:coli,strain:O127:H6 str. E2348/69,gene_name:bfpC,vf_name:BFP,vf_accession:VF0174
VFG000753::bfpU	1	0	.	.	genus:Escherichia,species:coli,strain:B171,gene_name:bfpU,vf_name:BFP,vf_accession:VF0174
VFG000754::bfpD	1	0	.	.	genus:Escherichia,species:coli,strain:B171,gene_name:bfpD,vf_name:BFP,vf_accession:VF0174
VFG000755::bfpE	1	0	.	.	genus:Escherichia,species:coli,strain:O127:H6 str. E2348/69,gene_name:bfpE,vf_name:BFP,vf_accession:VF0174
VFG000756::bfpF	1	0	.	.	genus:Escherichia,species:coli,strain:B171,gene_name:bfpF,vf_name:BFP,vf_accession:VF0174
VFG000757::bfpP	1	0	.	.	genus:Escherichia,species:coli,strain:O127:H6 str. E2348/69,gene_name:bfpP,vf_name:BFP,vf_accession:VF0174
VFG000758::bfpH	1	0	.	.	genus:Escherichia,species:coli,strain:B171,gene_name:bfpH,vf_name:BFP,vf_accession:VF0174
VFG000759::bfpI	1	0	.	.	genus:Escherichia,species:coli,strain:B171,gene_name:bfpI,vf_name:BFP,vf_accession:VF0174
VFG000760::bfpJ	1	0	.	.	genus:Escherichia,species:coli,strain:O127:H6 str. E2348/69,gene_name:bfpJ,vf_name:BFP,vf_accession:VF0174
VFG000761::bfpK	1	0	.	.	genus:Escherichia,species:coli,strain:B171,gene_name:bfpK,vf_name:BFP,vf_accession:VF0174
VFG000762::bfpL	1	0	.	.	genus:Escherichia,species:coli,strain:O127:H6 str. E2348/69,gene_name:bfpL,vf_name:BFP,vf_accession:VF0174
VFG000772::espC	1	0	.	.	genus:Escherichia,species:coli,strain:O127:H6 str. E2348/69,gene_name:espC,vf_name:EspC,vf_accession:VF0173
VFG000794::espF	1	0	.	.	genus:Escherichia,species:coli,strain:O157:H7 str. EDL933,gene_name:espF,vf_name:EspF,vf_accession:VF0196
VFG000795::escG	1	0	.	.	genus:Escherichia,species:coli,strain:O157:H7 str. EDL933,gene_name:escG,vf_name:LEE encoded T3SS,vf_accession:SS020
VFG000796::escF	1	0	.	.	genus:Escherichia,species:coli,strain:O157:H7 str. EDL933,gene_name:escF,vf_name:TTSS,vf_accession:VF0191
VFG000797::cesD2	1	0	.	.	genus:Escherichia,species:coli,strain:O157:H7 str. EDL933,gene_name:cesD2,vf_name:LEE encoded T3SS,vf_accession:SS020
VFG000799::espD	1	0	.	.	genus:Escherichia,species:coli,strain:O157:H7 str. EDL933,gene_name:espD,vf_name:EspD,vf_accession:VF0200
VFG000800::espA	1	0	.	.	genus:Escherichia,species:coli,strain:O157:H7 str. EDL933,gene_name:espA,vf_name:EspA,vf_accession:VF0198
VFG000801::sepL	1	0	.	.	genus:Escherichia,species:coli,strain:O157:H7 str. EDL933,gene_name:sepL,vf_name:TTSS,vf_accession:VF0191
VFG000802::escD	1	0	.	.	genus:Escherichia,species:coli,strain:O157:H7 str. EDL933,gene_name:escD,vf_name:TTSS,vf_accession:VF0191
VFG000804::cesT	1	0	.	.	genus:Escherichia,species:coli,strain:O157:H7 str. EDL933,gene_name:cesT,vf_name:LEE encoded T3SS,vf_accession:SS020
VFG000805::tir	1	0	.	.	genus:Escherichia,species:coli,strain:O157:H7 str. EDL933,gene_name:tir,vf_name:Tir,vf_accession:VF0193
VFG000806::map	1	0	.	.	genus:Escherichia,species:coli,strain:O157:H7 str. EDL933,gene_name:map,vf_name:Map,vf_accession:VF0195
VFG000807::cesF	1	0	.	.	genus:Escherichia,species:coli,strain:O157:H7 str. EDL933,gene_name:cesF,vf_name:TTSS,vf_accession:VF0191
VFG000808::espH	1	0	.	.	genus:Escherichia,species:coli,strain:O157:H7 str. EDL933,gene_name:espH,vf_name:EspH,vf_accession:VF0197
VFG000809::sepQ/escQ	1	0	.	.	genus:Escherichia,species:coli,strain:O157:H7 str. EDL933,gene_name:sepQ/escQ,vf_name:TTSS,vf_accession:VF0191
VFG000810::escP	1	0	.	.	genus:Escherichia,species:coli,strain:O157:H7 str. EDL933,gene_name:escP,vf_name:LEE encoded T3SS,vf_accession:SS020
VFG000811::escO	1	0	.	.	genus:Escherichia,species:coli,strain:O157:H7 str. EDL933,gene_name:escO,vf_name:LEE encoded T3SS,vf_accession:SS020
VFG000812::escN	1	0	.	.	genus:Escherichia,species:coli,strain:O157:H7 str. EDL933,gene_name:escN,vf_name:TTSS,vf_accession:VF0191
VFG000813::escV	1	0	.	.	genus:Escherichia,species:coli,strain:O157:H7 str. EDL933,gene_name:escV,vf_name:TTSS,vf_accession:VF0191
VFG000814::cesL	1	0	.	.	genus:Escherichia,species:coli,strain:O157:H7 str. EDL933,gene_name:cesL,vf_name:LEE encoded T3SS,vf_accession:SS020
VFG000815::sepZ/espZ	1	0	.	.	genus:Escherichia,species:coli,strain:O157:H7 str. EDL933,gene_name:sepZ/espZ,vf_name:TTSS,vf_accession:VF0191
VFG000816::escI	1	0	.	.	genus:Escherichia,species:coli,strain:O157:H7 str. EDL933,gene_name:escI,vf_name:LEE encoded T3SS,vf_accession:SS020
VFG000817::escJ	1	0	.	.	genus:Escherichia,species:coli,strain:O157:H7 str. EDL933,gene_name:escJ,vf_name:TTSS,vf_accession:VF0191
VFG000818::sepD	1	0	.	.	genus:Escherichia,species:coli,strain:O157:H7 str. EDL933,gene_name:sepD,vf_name:LEE encoded T3SS,vf_accession:SS020
VFG000819::escC	1	0	.	.	genus:Escherichia,species:coli,strain:O157:H7 str. EDL933,gene_name:escC,vf_name:TTSS,vf_accession:VF0191
VFG000820::cesD	1	0	.	.	genus:Escherichia,species:coli,strain:O157:H7 str. EDL933,gene_name:cesD,vf_name:TTSS,vf_accession:VF0191
VFG000823::etgA	1	0	.	.	genus:Escherichia,species:coli,strain:O157:H7 str. EDL933,gene_name:etgA,vf_name:LEE encoded T3SS,vf_accession:SS020
VFG000824::escU	1	0	.	.	genus:Escherichia,species:coli,strain:O157:H7 str. EDL933,gene_name:escU,vf_name:TTSS,vf_accession:VF0191
VFG000825::escT	1	0	.	.	genus:Escherichia,species:coli,strain:O157:H7 str. EDL933,gene_name:escT,vf_name:TTSS,vf_accession:VF0191
VFG000826::escS	1	0	.	.	genus:Escherichia,species:coli,strain:O157:H7 str. EDL933,gene_name:escS,vf_name:TTSS,vf_accession:VF0191
VFG000827::escR	1	0	.	.	genus:Escherichia,species:coli,strain:O157:H7 str. EDL933,gene_name:escR,vf_name:TTSS,vf_accession:VF0191
VFG000828::escL	1	0	.	.	genus:Escherichia,species:coli,strain:O157:H7 str. EDL933,gene_name:escL,vf_name:LEE encoded T3SS,vf_accession:SS020
VFG000830::cesAB	1	0	.	.	genus:Escherichia,species:coli,strain:O157:H7 str. EDL933,gene_name:cesAB,vf_name:LEE encoded T3SS,vf_accession:SS020
VFG000831::escE	1	0	.	.	genus:Escherichia,species:coli,strain:O157:H7 str. EDL933,gene_name:escE,vf_name:LEE encoded T3SS,vf_accession:SS020
VFG000833::espG	1	0	.	.	genus:Escherichia,species:coli,strain:O157:H7 str. EDL933,gene_name:espG,vf_name:EspG,vf_accession:VF0201
VFG000835::stx1A	1	0	.	.	genus:Escherichia,species:coli,strain:O157:H7 str. EDL933,gene_name:stx1A,vf_name:Stx,vf_accession:VF0206
VFG000836::stx1B	1	0	.	.	genus:Escherichia,species:coli,strain:O157:H7 str. EDL933,gene_name:stx1B,vf_name:Stx,vf_accession:VF0206
VFG000837::stx2A	1	0	.	.	genus:Escherichia,species:coli,strain:O157:H7 str. EDL933,gene_name:stx2A,vf_name:Stx,vf_accession:VF0206
VFG000838::stx2B	1	0	.	.	genus:Escherichia,species:coli,strain:O157:H7 str. EDL933,gene_name:stx2B,vf_name:Stx,vf_accession:VF0206
VFG000839::paa	1	0	.	.	genus:Escherichia,species:coli,strain:O157:H7 str. EDL933,gene_name:paa,vf_name:Paa,vf_accession:VF0194
VFG000840::hlyA	1	0	.	.	genus:Escherichia,species:coli,strain:O157:H7 str. EDL933,gene_name:hlyA,vf_name:Hemolysin,vf_accession:VF0207
VFG000841::hlyB	1	0	.	.	genus:Escherichia,species:coli,strain:O157:H7 str. EDL933,gene_name:hlyB,vf_name:Hemolysin,vf_accession:VF0207
VFG000842::hlyC	1	0	.	.	genus:Escherichia,species:coli,strain:O157:H7 str. EDL933,gene_name:hlyC,vf_name:Hemolysin,vf_accession:VF0207
VFG000843::hlyD	1	0	.	.	genus:Escherichia,species:coli,strain:O157:H7 str. EDL933,gene_name:hlyD,vf_name:Hemolysin,vf_accession:VF0207
VFG000844::espP	1	0	.	.	genus:Escherichia,species:coli,strain:O157:H7 str. EDL933,gene_name:espP,vf_name:EspP,vf_accession:VF0208
VFG000845::toxB	1	0	.	.	genus:Escherichia,species:coli,strain:O157:H7 str. EDL933,gene_name:toxB,vf_name:ToxB,vf_accession:VF0203
VFG000846::stcE	1	0	.	.	genus:Escherichia,species:coli,strain:O157:H7 str. EDL933,gene_name:stcE,vf_name:StcE,vf_accession:VF0209
VFG000847::aggA	1	0	.	.	genus:Escherichia,species:coli,strain:17-2,gene_name:aggA,vf_name:AAFs,vf_accession:VF0214
VFG000848::aggB	1	0	.	.	genus:Escherichia,species:coli,strain:17-2,gene_name:aggB,vf_name:AAFs,vf_accession:VF0214
VFG000849::aggC	1	0	.	.	genus:Escherichia,species:coli,strain:17-2,gene_name:aggC,vf_name:AAFs,vf_accession:VF0214
VFG000850::aggD	1	0	.	.	genus:Escherichia,species:coli,strain:17-2,gene_name:aggD,vf_name:AAFs,vf_accession:VF0214
VFG000851::aafA	1	0	.	.	genus:Escherichia,species:coli,strain:str. 042,gene_name:aafA,vf_name:AAFs,vf_accession:VF0214
VFG000852::aafD	1	0	.	.	genus:Escherichia,species:coli,strain:str. 042,gene_name:aafD,vf_name:AAFs,vf_accession:VF0214
VFG000853::aafC	1	0	.	.	genus:Escherichia,species:coli,strain:str. 042,gene_name:aafC,vf_name:AAFs,vf_accession:VF0214
VFG000854::aafB	1	0	.	.	genus:Escherichia,species:coli,strain:str. 042,gene_name:aafB,vf_name:AAFs,vf_accession:VF0214
VFG000855::agg3A	1	0	.	.	genus:Escherichia,species:coli,strain:55989,gene_name:agg3A,vf_name:AAFs,vf_accession:VF0214
VFG000856::agg3B	1	0	.	.	genus:Escherichia,species:coli,strain:55989,gene_name:agg3B,vf_name:AAFs,vf_accession:VF0214
VFG000857::agg3C	1	0	.	.	genus:Escherichia,species:coli,strain:55989,gene_name:agg3C,vf_name:AAFs,vf_accession:VF0214
VFG000858::agg3D	1	0	.	.	genus:Escherichia,species:coli,strain:55989,gene_name:agg3D,vf_name:AAFs,vf_accession:VF0214
VFG000859::set1A	1	0	.	.	genus:Escherichia,species:coli,strain:O44:H18 042,gene_name:set1A,vf_name:ShET1,vf_accession:VF0219
VFG000860::set1B	1	0	.	.	genus:Escherichia,species:coli,strain:O44:H18 042,gene_name:set1B,vf_name:ShET1,vf_accession:VF0219
VFG000861::pic	1	0	.	.	genus:Escherichia,species:coli,strain:O44:H18 042,gene_name:pic,vf_name:Pic,vf_accession:VF0218
VFG000862::pet	1	0	.	.	genus:Escherichia,species:coli,strain:O44:H18 042,gene_name:pet,vf_name:Pet,vf_accession:VF0217
VFG000863::astA	1	0	.	.	genus:Escherichia,species:coli,strain:O44:H18 042,gene_name:astA,vf_name:EAST1,vf_accession:VF0216
VFG000865::aap/aspU	1	0	.	.	genus:Escherichia,species:coli,strain:O44:H18 042,gene_name:aap/aspU,vf_name:Dispersin,vf_accession:VF0215
VFG000871::fimB	1	0	.	.	genus:Escherichia,species:coli,strain:CFT073,gene_name:fimB,vf_name:Type 1 fimbriae,vf_accession:VF0221
VFG000872::fimE	1	0	.	.	genus:Escherichia,species:coli,strain:CFT073,gene_name:fimE,vf_name:Type 1 fimbriae,vf_accession:VF0221
VFG000873::fimA	1	0	.	.	genus:Escherichia,species:coli,strain:CFT073,gene_name:fimA,vf_name:Type 1 fimbriae,vf_accession:VF0221
VFG000874::fimI	1	0	.	.	genus:Escherichia,species:coli,strain:CFT073,gene_name:fimI,vf_name:Type 1 fimbriae,vf_accession:VF0221
VFG000875::fimC	1	0	.	.	genus:Escherichia,species:coli,strain:CFT073,gene_name:fimC,vf_name:Type 1 fimbriae,vf_accession:VF0221
VFG000876::fimD	1	0	.	.	genus:Escherichia,species:coli,strain:CFT073,gene_name:fimD,vf_name:Type 1 fimbriae,vf_accession:VF0221
VFG000877::fimF	1	0	.	.	genus:Escherichia,species:coli,strain:CFT073,gene_name:fimF,vf_name:Type 1 fimbriae,vf_accession:VF0221
VFG000878::fimG	1	0	.	.	genus:Escherichia,species:coli,strain:CFT073,gene_name:fimG,vf_name:Type 1 fimbriae,vf_accession:VF0221
VFG000879::fimH	1	0	.	.	genus:Escherichia,species:coli,strain:CFT073,gene_name:fimH,vf_name:Type 1 fimbriae,vf_accession:VF0221
VFG000880::papB	1	0	.	.	genus:Escherichia,species:coli,strain:CFT073,gene_name:papB,vf_name:P fimbriae,vf_accession:VF0220
VFG000882::papA	1	0	.	.	genus:Escherichia,species:coli,strain:CFT073,gene_name:papA,vf_name:P fimbriae,vf_accession:VF0220
VFG000883::papH	1	0	.	.	genus:Escherichia,species:coli,strain:CFT073,gene_name:papH,vf_name:P fimbriae,vf_accession:VF0220
VFG000884::papC	1	0	.	.	genus:Escherichia,species:coli,strain:CFT073,gene_name:papC,vf_name:P fimbriae,vf_accession:VF0220
VFG000885::papD	1	0	.	.	genus:Escherichia,species:coli,strain:CFT073,gene_name:papD,vf_name:P fimbriae,vf_accession:VF0220
VFG000886::papJ	1	0	.	.	genus:Escherichia,species:coli,strain:CFT073,gene_name:papJ,vf_name:P fimbriae,vf_accession:VF0220
VFG000887::papK	1	0	.	.	genus:Escherichia,species:coli,strain:CFT073,gene_name:papK,vf_name:P fimbriae,vf_accession:VF0220
VFG000888::papE	1	0	.	.	genus:Escherichia,species:coli,strain:CFT073,gene_name:papE,vf_name:P fimbriae,vf_accession:VF0220
VFG000889::papF	1	0	.	.	genus:Escherichia,species:coli,strain:CFT073,gene_name:papF,vf_name:P fimbriae,vf_accession:VF0220
VFG000890::papG	1	0	.	.	genus:Escherichia,species:coli,strain:CFT073,gene_name:papG,vf_name:P fimbriae,vf_accession:VF0220
VFG000902::sat	1	0	.	.	genus:Escherichia,species:coli,strain:CFT073,gene_name:sat,vf_name:Sat,vf_accession:VF0231
VFG000903::pic	1	0	.	.	genus:Escherichia,species:coli,strain:CFT073,gene_name:pic,vf_name:Pic,vf_accession:VF0232
VFG000904::vat	1	0	.	.	genus:Escherichia,species:coli,strain:CFT073,gene_name:vat,vf_name:Tsh,vf_accession:VF0233
VFG000905::hlyC	1	0	.	.	genus:Escherichia,species:coli,strain:CFT073,gene_name:hlyC,vf_name:Hemolysin,vf_accession:VF0225
VFG000906::hlyA	1	0	.	.	genus:Escherichia,species:coli,strain:CFT073,gene_name:hlyA,vf_name:Hemolysin,vf_accession:VF0225
VFG000907::hlyB	1	0	.	.	genus:Escherichia,species:coli,strain:CFT073,gene_name:hlyB,vf_name:Hemolysin,vf_accession:VF0225
VFG000908::hlyD	1	0	.	.	genus:Escherichia,species:coli,strain:CFT073,gene_name:hlyD,vf_name:Hemolysin,vf_accession:VF0225
VFG000909::focA	1	0	.	.	genus:Escherichia,species:coli,strain:CFT073,gene_name:focA,vf_name:F1C fimbriae,vf_accession:VF0224
VFG000910::focI	1	0	.	.	genus:Escherichia,species:coli,strain:CFT073,gene_name:focI,vf_name:F1C fimbriae,vf_accession:VF0224
VFG000911::focC	1	0	.	.	genus:Escherichia,species:coli,strain:CFT073,gene_name:focC,vf_name:F1C fimbriae,vf_accession:VF0224
VFG000912::focD	1	0	.	.	genus:Escherichia,species:coli,strain:CFT073,gene_name:focD,vf_name:F1C fimbriae,vf_accession:VF0224
VFG000913::focF	1	0	.	.	genus:Escherichia,species:coli,strain:CFT073,gene_name:focF,vf_name:F1C fimbriae,vf_accession:VF0224
VFG000914::focG	1	0	.	.	genus:Escherichia,species:coli,strain:CFT073,gene_name:focG,vf_name:F1C fimbriae,vf_accession:VF0224
VFG000915::focH	1	0	.	.	genus:Escherichia,species:coli,strain:CFT073,gene_name:focH,vf_name:F1C fimbriae,vf_accession:VF0224
VFG000916::chuS	1	0	.	.	genus:Escherichia,species:coli,strain:CFT073,gene_name:chuS,vf_name:Chu,vf_accession:VF0227
VFG000917::chuA	1	0	.	.	genus:Escherichia,species:coli,strain:CFT073,gene_name:chuA,vf_name:Chu,vf_accession:VF0227
VFG000918::chuT	1	0	.	.	genus:Escherichia,species:coli,strain:CFT073,gene_name:chuT,vf_name:Chu,vf_accession:VF0227
VFG000919::chuW	1	0	.	.	genus:Escherichia,species:coli,strain:CFT073,gene_name:chuW,vf_name:Chu,vf_accession:VF0227
VFG000920::chuX	1	0	.	.	genus:Escherichia,species:coli,strain:CFT073,gene_name:chuX,vf_name:Chu,vf_accession:VF0227
VFG000921::chuY	1	0	.	.	genus:Escherichia,species:coli,strain:CFT073,gene_name:chuY,vf_name:Chu,vf_accession:VF0227
VFG000922::chuU	1	0	.	.	genus:Escherichia,species:coli,strain:CFT073,gene_name:chuU,vf_name:Chu,vf_accession:VF0227
VFG000923::fepA	1	0	.	.	genus:Escherichia,species:coli,strain:CFT073,gene_name:fepA,vf_name:Enterobactin,vf_accession:VF0228
VFG000924::fepB	1	0	.	.	genus:Escherichia,species:coli,strain:CFT073,gene_name:fepB,vf_name:Enterobactin,vf_accession:VF0228
VFG000925::fepC	1	0	.	.	genus:Escherichia,species:coli,strain:CFT073,gene_name:fepC,vf_name:Enterobactin,vf_accession:VF0228
VFG000926::fepD	1	0	.	.	genus:Escherichia,species:coli,strain:CFT073,gene_name:fepD,vf_name:Enterobactin,vf_accession:VF0228
VFG000928::fepG	1	0	.	.	genus:Escherichia,species:coli,strain:CFT073,gene_name:fepG,vf_name:Enterobactin,vf_accession:VF0228
VFG000929::entD	1	0	.	.	genus:Escherichia,species:coli,strain:CFT073,gene_name:entD,vf_name:Enterobactin,vf_accession:VF0228
VFG000930::entF	1	0	.	.	genus:Escherichia,species:coli,strain:CFT073,gene_name:entF,vf_name:Enterobactin,vf_accession:VF0228
VFG000931::entC	1	0	.	.	genus:Escherichia,species:coli,strain:CFT073,gene_name:entC,vf_name:Enterobactin,vf_accession:VF0228
VFG000932::entE	1	0	.	.	genus:Escherichia,species:coli,strain:CFT073,gene_name:entE,vf_name:Enterobactin,vf_accession:VF0228
VFG000933::entB	1	0	.	.	genus:Escherichia,species:coli,strain:CFT073,gene_name:entB,vf_name:Enterobactin,vf_accession:VF0228
VFG000934::entA	1	0	.	.	genus:Escherichia,species:coli,strain:CFT073,gene_name:entA,vf_name:Enterobactin,vf_accession:VF0228
VFG000935::iroN	1	0	.	.	genus:Escherichia,species:coli,strain:CFT073,gene_name:iroN,vf_name:IroN,vf_accession:VF0230
VFG000936::iutA	1	0	.	.	genus:Escherichia,species:coli,strain:CFT073,gene_name:iutA,vf_name:Aerobactin,vf_accession:VF0229
VFG000937::iucD	1	0	.	.	genus:Escherichia,species:coli,strain:CFT073,gene_name:iucD,vf_name:Aerobactin,vf_accession:VF0229
VFG000938::iucC	1	0	.	.	genus:Escherichia,species:coli,strain:CFT073,gene_name:iucC,vf_name:Aerobactin,vf_accession:VF0229
VFG000939::iucB	1	0	.	.	genus:Escherichia,species:coli,strain:CFT073,gene_name:iucB,vf_name:Aerobactin,vf_accession:VF0229
VFG000940::iucA	1	0	.	.	genus:Escherichia,species:coli,strain:CFT073,gene_name:iucA,vf_name:Aerobactin,vf_accession:VF0229
VFG000942::draA	1	0	.	.	genus:Escherichia,species:coli,strain:O75:K5:H- str. IH11128,gene_name:draA,vf_name:Dr adhesins,vf_accession:VF0223
VFG000943::draB	1	0	.	.	genus:Escherichia,species:coli,strain:O75:K5:H- str. IH11128,gene_name:draB,vf_name:Dr adhesins,vf_accession:VF0223
VFG000944::draC	1	0	.	.	genus:Escherichia,species:coli,strain:O75:K5:H- str. IH11128,gene_name:draC,vf_name:Dr adhesins,vf_accession:VF0223
VFG000945::draD	1	0	.	.	genus:Escherichia,species:coli,strain:O75:K5:H- str. IH11128,gene_name:draD,vf_name:Dr adhesins,vf_accession:VF0223
VFG000946::draP	1	0	.	.	genus:Escherichia,species:coli,strain:O75:K5:H- str. IH11128,gene_name:draP,vf_name:Dr adhesins,vf_accession:VF0223
VFG000984::ipaA	1	0	.	.	genus:Shigella,species:flexneri,strain:2a str. 301,gene_name:ipaA,vf_name:TTSS,vf_accession:VF0118
VFG000985::ipaD	1	0	.	.	genus:Shigella,species:flexneri,strain:2a str. 301,gene_name:ipaD,vf_name:TTSS,vf_accession:VF0118
VFG000986::ipaC	1	0	.	.	genus:Shigella,species:flexneri,strain:2a str. 301,gene_name:ipaC,vf_name:TTSS,vf_accession:VF0118
VFG000987::ipaB	1	0	.	.	genus:Shigella,species:flexneri,strain:2a str. 301,gene_name:ipaB,vf_name:TTSS,vf_accession:VF0118
VFG000988::ipgC	1	0	.	.	genus:Shigella,species:flexneri,strain:2a str. 301,gene_name:ipgC,vf_name:TTSS,vf_accession:VF0118
VFG000989::ipgB1	1	0	.	.	genus:Shigella,species:flexneri,strain:2a str. 301,gene_name:ipgB1,vf_name:TTSS,vf_accession:VF0118
VFG000990::ipgA	1	0	.	.	genus:Shigella,species:flexneri,strain:2a str. 301,gene_name:ipgA,vf_name:TTSS,vf_accession:VF0118
VFG000991::icsB	1	0	.	.	genus:Shigella,species:flexneri,strain:2a str. 301,gene_name:icsB,vf_name:TTSS,vf_accession:VF0118
VFG000992::ipgD	1	0	.	.	genus:Shigella,species:flexneri,strain:2a str. 301,gene_name:ipgD,vf_name:TTSS,vf_accession:VF0118
VFG000993::ipgE	1	0	.	.	genus:Shigella,species:flexneri,strain:2a str. 301,gene_name:ipgE,vf_name:TTSS,vf_accession:VF0118
VFG000994::ipgF	1	0	.	.	genus:Shigella,species:flexneri,strain:2a str. 301,gene_name:ipgF,vf_name:TTSS,vf_accession:VF0118
VFG000995::mxiG	1	0	.	.	genus:Shigella,species:flexneri,strain:2a str. 301,gene_name:mxiG,vf_name:TTSS,vf_accession:VF0118
VFG000996::mxiH	1	0	.	.	genus:Shigella,species:flexneri,strain:2a str. 301,gene_name:mxiH,vf_name:TTSS,vf_accession:VF0118
VFG000997::mxiI	1	0	.	.	genus:Shigella,species:flexneri,strain:2a str. 301,gene_name:mxiI,vf_name:TTSS,vf_accession:VF0118
VFG000998::mxiJ	1	0	.	.	genus:Shigella,species:flexneri,strain:2a str. 301,gene_name:mxiJ,vf_name:TTSS,vf_accession:VF0118
VFG000999::mxiK	1	0	.	.	genus:Shigella,species:flexneri,strain:2a str. 301,gene_name:mxiK,vf_name:TTSS,vf_accession:VF0118
VFG001000::mxiN	1	0	.	.	genus:Shigella,species:flexneri,strain:2a str. 301,gene_name:mxiN,vf_name:TTSS,vf_accession:VF0118
VFG001001::mxiL	1	0	.	.	genus:Shigella,species:flexneri,strain:2a str. 301,gene_name:mxiL,vf_name:TTSS,vf_accession:VF0118
VFG001002::mxiM	1	0	.	.	genus:Shigella,species:flexneri,strain:2a str. 301,gene_name:mxiM,vf_name:TTSS,vf_accession:VF0118
VFG001003::mxiE	1	0	.	.	genus:Shigella,species:flexneri,strain:2a str. 301,gene_name:mxiE,vf_name:TTSS,vf_accession:VF0118
VFG001004::mxiD	1	0	.	.	genus:Shigella,species:flexneri,strain:2a str. 301,gene_name:mxiD,vf_name:TTSS,vf_accession:VF0118
VFG001005::mxiC	1	0	.	.	genus:Shigella,species:flexneri,strain:2a str. 301,gene_name:mxiC,vf_name:TTSS,vf_accession:VF0118
VFG001006::mxiA	1	0	.	.	genus:Shigella,species:flexneri,strain:2a str. 301,gene_name:mxiA,vf_name:TTSS,vf_accession:VF0118
VFG001007::spa15	1	0	.	.	genus:Shigella,species:flexneri,strain:2a str. 301,gene_name:spa15,vf_name:TTSS,vf_accession:VF0118
VFG001008::spa47	1	0	.	.	genus:Shigella,species:flexneri,strain:2a str. 301,gene_name:spa47,vf_name:TTSS,vf_accession:VF0118
VFG001009::spa13	1	0	.	.	genus:Shigella,species:flexneri,strain:2a str. 301,gene_name:spa13,vf_name:TTSS,vf_accession:VF0118
VFG001010::spa32	1	0	.	.	genus:Shigella,species:flexneri,strain:2a str. 301,gene_name:spa32,vf_name:TTSS,vf_accession:VF0118
VFG001011::spa33	1	0	.	.	genus:Shigella,species:flexneri,strain:2a str. 301,gene_name:spa33,vf_name:TTSS,vf_accession:VF0118
VFG001012::spa24	1	0	.	.	genus:Shigella,species:flexneri,strain:2a str. 301,gene_name:spa24,vf_name:TTSS,vf_accession:VF0118
VFG001013::spa9	1	0	.	.	genus:Shigella,species:flexneri,strain:2a str. 301,gene_name:spa9,vf_name:TTSS,vf_accession:VF0118
VFG001014::spa29	1	0	.	.	genus:Shigella,species:flexneri,strain:2a str. 301,gene_name:spa29,vf_name:TTSS,vf_accession:VF0118
VFG001015::spa40	1	0	.	.	genus:Shigella,species:flexneri,strain:2a str. 301,gene_name:spa40,vf_name:TTSS,vf_accession:VF0118
VFG001016::virA	1	0	.	.	genus:Shigella,species:flexneri,strain:2a str. 301,gene_name:virA,vf_name:TTSS,vf_accession:VF0118
VFG001017::icsP/sopA	1	0	.	.	genus:Shigella,species:flexneri,strain:2a str. 301,gene_name:icsP/sopA,vf_name:IcsP (SopA),vf_accession:VF0122
VFG001424::draE2	1	0	.	.	genus:Escherichia,species:coli,strain:EC7372,gene_name:draE2,vf_name:Afa/Dr family,vf_accession:VF0212
VFG001425::afaE-III	1	0	.	.	genus:Escherichia,species:coli,strain:str. A30,gene_name:afaE-III,vf_name:Afa/Dr family,vf_accession:VF0212
VFG001426::afaE-I	1	0	.	.	genus:Escherichia,species:coli,strain:O25b:H4 str. FV9863,gene_name:afaE-I,vf_name:Afa/Dr family,vf_accession:VF0212
VFG001427::daaE	1	0	.	.	genus:Escherichia,species:coli,strain:str. C1845,gene_name:daaE,vf_name:Afa/Dr family,vf_accession:VF0212
VFG001428::draE	1	0	.	.	genus:Escherichia,species:coli,strain:O75:K5:H- str. IH11128,gene_name:draE,vf_name:Afa/Dr family,vf_accession:VF0212
VFG001429::cooA	1	0	.	.	genus:Escherichia,species:coli,strain:,gene_name:cooA,vf_name:Adhesive fimbriae,vf_accession:VF0213
VFG001430::cs3	1	0	.	.	genus:Escherichia,species:coli,strain:,gene_name:cs3,vf_name:Adhesive fimbriae,vf_accession:VF0213
VFG001431::csfA	1	0	.	.	genus:Escherichia,species:coli,strain:,gene_name:csfA,vf_name:Adhesive fimbriae,vf_accession:VF0213
VFG001432::cssA	1	0	.	.	genus:Escherichia,species:coli,strain:E10703,gene_name:cssA,vf_name:Adhesive fimbriae,vf_accession:VF0213
VFG001433::csvA	1	0	.	.	genus:Escherichia,species:coli,strain:O114:H49 str. E29101A,gene_name:csvA,vf_name:Adhesive fimbriae,vf_accession:VF0213
VFG001434::cswA	1	0	.	.	genus:Escherichia,species:coli,strain:O159:H4 str. 350C1,gene_name:cswA,vf_name:Adhesive fimbriae,vf_accession:VF0213
VFG001435::cfaB	1	0	.	.	genus:Escherichia,species:coli,strain:str. E7473,gene_name:cfaB,vf_name:Adhesive fimbriae,vf_accession:VF0213
VFG001436::cofA	1	0	.	.	genus:Escherichia,species:coli,strain:str. 260-1,gene_name:cofA,vf_name:Adhesive fimbriae,vf_accession:VF0213
VFG001437::cseA	1	0	.	.	genus:Escherichia,species:coli,strain:str. ARG-3,gene_name:cseA,vf_name:Adhesive fimbriae,vf_accession:VF0213
VFG001438::csbA	1	0	.	.	genus:Escherichia,species:coli,strain:O8:H9 str. WS6788A,gene_name:csbA,vf_name:Adhesive fimbriae,vf_accession:VF0213
VFG001439::csnA	1	0	.	.	genus:Escherichia,species:coli,strain:str. H721A,gene_name:csnA,vf_name:Adhesive fimbriae,vf_accession:VF0213
VFG001442::ibeA	1	0	.	.	genus:Escherichia,species:coli,strain:O18:K1:H7 str. RS218,gene_name:ibeA,vf_name:Ibes,vf_accession:VF0237
VFG001443::ompA	1	0	.	.	genus:Escherichia,species:coli,strain:O18:K1:H7 str. RS218,gene_name:ompA,vf_name:OmpA,vf_accession:VF0236
VFG001444::aslA	1	0	.	.	genus:Escherichia,species:coli,strain:O18:K1:H7 str. RS218,gene_name:aslA,vf_name:AslA,vf_accession:VF0238
VFG001446::sfaA	1	0	.	.	genus:Escherichia,species:coli,strain:UTI89,gene_name:sfaA,vf_name:S fimbriae,vf_accession:VF0222
VFG001447::cnf1	1	0	.	.	genus:Escherichia,species:coli,strain:str. E-B35,gene_name:cnf1,vf_name:CNF-1,vf_accession:VF0240
VFG001448::kpsD	1	0	.	.	genus:Escherichia,species:coli,strain:O18:K1:H7 str. RS218,gene_name:kpsD,vf_name:K1 capsule,vf_accession:VF0239
VFG001449::kpsT	1	0	.	.	genus:Escherichia,species:coli,strain:O18:K1:H7 str. RS218,gene_name:kpsT,vf_name:K1 capsule,vf_accession:VF0239
VFG001450::kpsM	1	0	.	.	genus:Escherichia,species:coli,strain:O18:K1:H7 str. RS218,gene_name:kpsM,vf_name:K1 capsule,vf_accession:VF0239
VFG001534::efa1	1	0	.	.	genus:Escherichia,species:coli,strain:O111:H- str. E45035,gene_name:efa1,vf_name:Efa-1/LifA,vf_accession:VF0204
VFG001713::papX	1	0	.	.	genus:Escherichia,species:coli,strain:CFT073,gene_name:papX,vf_name:P fimbriae,vf_accession:CVF425
VFG001827::senB	1	0	.	.	genus:Shigella,species:flexneri,strain:2a str. 301,gene_name:senB,vf_name:ShET2,vf_accession:VF0258
VFG001828::stxA	1	0	.	.	genus:Shigella,species:dysenteriae,strain:Sd197,gene_name:stxA,vf_name:Shiga toxin,vf_accession:VF0117
VFG001829::stxB	1	0	.	.	genus:Shigella,species:dysenteriae,strain:Sd197,gene_name:stxB,vf_name:Shiga toxin,vf_accession:VF0117
VFG002037::eltA	1	0	.	.	genus:Escherichia,species:coli,strain:,gene_name:eltA,vf_name:Heat-labile toxin (LT),vf_accession:VF0210
VFG002038::eltB	1	0	.	.	genus:Escherichia,species:coli,strain:,gene_name:eltB,vf_name:Heat-labile toxin (LT),vf_accession:VF0210
VFG002039::estIa	1	0	.	.	genus:Escherichia,species:coli,strain:O78:H11:K80 str. H10407,gene_name:estIa,vf_name:Heat-stable toxin (ST),vf_accession:VF0211
VFG002041::ipaH7.8	1	0	.	.	genus:Shigella,species:flexneri,strain:2a str. 301,gene_name:ipaH7.8,vf_name:TTSS,vf_accession:VF0118
VFG002042::ipaH9.8	1	0	.	.	genus:Shigella,species:flexneri,strain:2a str. 301,gene_name:ipaH9.8,vf_name:TTSS,vf_accession:VF0118
VFG002043::ospG	1	0	.	.	genus:Shigella,species:flexneri,strain:2a str. 301,gene_name:ospG,vf_name:TTSS,vf_accession:VF0118
VFG002046::gspC	1	0	.	.	genus:Shigella,species:dysenteriae,strain:Sd197,gene_name:gspC,vf_name:T2SS,vf_accession:VF0333
VFG002047::gspD	1	0	.	.	genus:Shigella,species:dysenteriae,strain:Sd197,gene_name:gspD,vf_name:T2SS,vf_accession:VF0333
VFG002048::gspE	1	0	.	.	genus:Shigella,species:dysenteriae,strain:Sd197,gene_name:gspE,vf_name:T2SS,vf_accession:VF0333
VFG002049::gspF	1	0	.	.	genus:Shigella,species:dysenteriae,strain:Sd197,gene_name:gspF,vf_name:T2SS,vf_accession:VF0333
VFG002050::gspG	1	0	.	.	genus:Shigella,species:dysenteriae,strain:Sd197,gene_name:gspG,vf_name:T2SS,vf_accession:VF0333
VFG002051::gspH	1	0	.	.	genus:Shigella,species:dysenteriae,strain:Sd197,gene_name:gspH,vf_name:T2SS,vf_accession:VF0333
VFG002052::gspI	1	0	.	.	genus:Shigella,species:dysenteriae,strain:Sd197,gene_name:gspI,vf_name:T2SS,vf_accession:VF0333
VFG002053::gspJ	1	0	.	.	genus:Shigella,species:dysenteriae,strain:Sd197,gene_name:gspJ,vf_name:T2SS,vf_accession:VF0333
VFG002054::gspK	1	0	.	.	genus:Shigella,species:dysenteriae,strain:Sd197,gene_name:gspK,vf_name:T2SS,vf_accession:VF0333
VFG002055::gspL	1	0	.	.	genus:Shigella,species:dysenteriae,strain:Sd197,gene_name:gspL,vf_name:T2SS,vf_accession:VF0333
VFG002056::gspM	1	0	.	.	genus:Shigella,species:dysenteriae,strain:Sd197,gene_name:gspM,vf_name:T2SS,vf_accession:VF0333
VFG002121::nleA/espI	1	0	.	.	genus:Escherichia,species:coli,strain:O157:H7 str. EDL933,gene_name:nleA/espI,vf_name:NleA/EspI,vf_accession:VF0338
VFG002122::nleC	1	0	.	.	genus:Escherichia,species:coli,strain:O157:H7 str. EDL933,gene_name:nleC,vf_name:NleC,vf_accession:VF0340
VFG002123::nleD	1	0	.	.	genus:Escherichia,species:coli,strain:O157:H7 str. EDL933,gene_name:nleD,vf_name:NleD,vf_accession:VF0343
VFG002155::ystA	1	0	.	.	genus:Yersinia,species:enterocolitica,strain:W1024,gene_name:ystA,vf_name:Yst,vf_accession:VF0135
VFG002156::ystB	1	0	.	.	genus:Yersinia,species:enterocolitica,strain:str. 84-50,gene_name:ystB,vf_name:Yst,vf_accession:VF0135
VFG002302::mig-14	1	0	.	.	genus:Salmonella,species:enterica,strain:subsp. enterica serovar Typhimurium str. LT2,gene_name:mig-14,vf_name:Mig-14,vf_accession:VF0395
VFG002304::misL	1	0	.	.	genus:Salmonella,species:enterica,strain:subsp. enterica serovar Typhimurium str. LT2,gene_name:misL,vf_name:MisL,vf_accession:VF0397
VFG002305::shdA	1	0	.	.	genus:Salmonella,species:enterica,strain:subsp. enterica serovar Typhimurium str. LT2,gene_name:shdA,vf_name:ShdA,vf_accession:VF0398
VFG002306::ratB	1	0	.	.	genus:Salmonella,species:enterica,strain:subsp. enterica serovar Typhimurium str. LT2,gene_name:ratB,vf_name:RatB,vf_accession:VF0399
VFG002307::sinH	1	0	.	.	genus:Salmonella,species:enterica,strain:subsp. enterica serovar Typhimurium str. LT2,gene_name:sinH,vf_name:SinH,vf_accession:VF0400
VFG002308::pilL	1	0	.	.	genus:Yersinia,species:enterocolitica,strain:subsp. enterocolitica 8081,gene_name:pilL,vf_name:Type IV pili,vf_accession:VF0401
VFG002309::pilM	1	0	.	.	genus:Yersinia,species:enterocolitica,strain:subsp. enterocolitica 8081,gene_name:pilM,vf_name:Type IV pili,vf_accession:VF0401
VFG002310::pilN	1	0	.	.	genus:Yersinia,species:enterocolitica,strain:subsp. enterocolitica 8081,gene_name:pilN,vf_name:Type IV pili,vf_accession:VF0401
VFG002311::pilO	1	0	.	.	genus:Yersinia,species:enterocolitica,strain:subsp. enterocolitica 8081,gene_name:pilO,vf_name:Type IV pili,vf_accession:VF0401
VFG002312::pilP	1	0	.	.	genus:Yersinia,species:enterocolitica,strain:subsp. enterocolitica 8081,gene_name:pilP,vf_name:Type IV pili,vf_accession:VF0401
VFG002313::pilQ	1	0	.	.	genus:Yersinia,species:enterocolitica,strain:subsp. enterocolitica 8081,gene_name:pilQ,vf_name:Type IV pili,vf_accession:VF0401
VFG002314::pilR	1	0	.	.	genus:Yersinia,species:enterocolitica,strain:subsp. enterocolitica 8081,gene_name:pilR,vf_name:Type IV pili,vf_accession:VF0401
VFG002315::pilS	1	0	.	.	genus:Yersinia,species:enterocolitica,strain:subsp. enterocolitica 8081,gene_name:pilS,vf_name:Type IV pili,vf_accession:VF0401
VFG002316::pilU	1	0	.	.	genus:Yersinia,species:enterocolitica,strain:subsp. enterocolitica 8081,gene_name:pilU,vf_name:Type IV pili,vf_accession:VF0401
VFG002317::pilV	1	0	.	.	genus:Yersinia,species:enterocolitica,strain:subsp. enterocolitica 8081,gene_name:pilV,vf_name:Type IV pili,vf_accession:VF0401
VFG002318::fliZ	1	0	.	.	genus:Yersinia,species:enterocolitica,strain:subsp. enterocolitica 8081,gene_name:fliZ,vf_name:Flagella,vf_accession:VF0394
VFG002319::fliA	1	0	.	.	genus:Yersinia,species:enterocolitica,strain:subsp. enterocolitica 8081,gene_name:fliA,vf_name:Flagella,vf_accession:VF0394
VFG002320::fliB	1	0	.	.	genus:Yersinia,species:enterocolitica,strain:subsp. enterocolitica 8081,gene_name:fliB,vf_name:Flagella,vf_accession:VF0394
VFG002321::fliC	1	0	.	.	genus:Yersinia,species:enterocolitica,strain:subsp. enterocolitica 8081,gene_name:fliC,vf_name:Flagella,vf_accession:VF0394
VFG002322::fliC	1	0	.	.	genus:Yersinia,species:enterocolitica,strain:subsp. enterocolitica 8081,gene_name:fliC,vf_name:Flagella,vf_accession:VF0394
VFG002323::fliC	1	0	.	.	genus:Yersinia,species:enterocolitica,strain:subsp. enterocolitica 8081,gene_name:fliC,vf_name:Flagella,vf_accession:VF0394
VFG002324::fliD	1	0	.	.	genus:Yersinia,species:enterocolitica,strain:subsp. enterocolitica 8081,gene_name:fliD,vf_name:Flagella,vf_accession:VF0394
VFG002325::fliS	1	0	.	.	genus:Yersinia,species:enterocolitica,strain:subsp. enterocolitica 8081,gene_name:fliS,vf_name:Flagella,vf_accession:VF0394
VFG002326::fliT	1	0	.	.	genus:Yersinia,species:enterocolitica,strain:subsp. enterocolitica 8081,gene_name:fliT,vf_name:Flagella,vf_accession:VF0394
VFG002327::fliE	1	0	.	.	genus:Yersinia,species:enterocolitica,strain:subsp. enterocolitica 8081,gene_name:fliE,vf_name:Flagella,vf_accession:VF0394
VFG002328::fliF	1	0	.	.	genus:Yersinia,species:enterocolitica,strain:subsp. enterocolitica 8081,gene_name:fliF,vf_name:Flagella,vf_accession:VF0394
VFG002329::fliG	1	0	.	.	genus:Yersinia,species:enterocolitica,strain:subsp. enterocolitica 8081,gene_name:fliG,vf_name:Flagella,vf_accession:VF0394
VFG002330::fliH	1	0	.	.	genus:Yersinia,species:enterocolitica,strain:subsp. enterocolitica 8081,gene_name:fliH,vf_name:Flagella,vf_accession:VF0394
VFG002331::fliI	1	0	.	.	genus:Yersinia,species:enterocolitica,strain:subsp. enterocolitica 8081,gene_name:fliI,vf_name:Flagella,vf_accession:VF0394
VFG002332::fliJ	1	0	.	.	genus:Yersinia,species:enterocolitica,strain:subsp. enterocolitica 8081,gene_name:fliJ,vf_name:Flagella,vf_accession:VF0394
VFG002333::fliK	1	0	.	.	genus:Yersinia,species:enterocolitica,strain:subsp. enterocolitica 8081,gene_name:fliK,vf_name:Flagella,vf_accession:VF0394
VFG002334::fliL	1	0	.	.	genus:Yersinia,species:enterocolitica,strain:subsp. enterocolitica 8081,gene_name:fliL,vf_name:Flagella,vf_accession:VF0394
VFG002335::fliM	1	0	.	.	genus:Yersinia,species:enterocolitica,strain:subsp. enterocolitica 8081,gene_name:fliM,vf_name:Flagella,vf_accession:VF0394
VFG002336::fliN	1	0	.	.	genus:Yersinia,species:enterocolitica,strain:subsp. enterocolitica 8081,gene_name:fliN,vf_name:Flagella,vf_accession:VF0394
VFG002337::fliO	1	0	.	.	genus:Yersinia,species:enterocolitica,strain:subsp. enterocolitica 8081,gene_name:fliO,vf_name:Flagella,vf_accession:VF0394
VFG002338::fliP	1	0	.	.	genus:Yersinia,species:enterocolitica,strain:subsp. enterocolitica 8081,gene_name:fliP,vf_name:Flagella,vf_accession:VF0394
VFG002339::fliQ	1	0	.	.	genus:Yersinia,species:enterocolitica,strain:subsp. enterocolitica 8081,gene_name:fliQ,vf_name:Flagella,vf_accession:VF0394
VFG002340::fliR	1	0	.	.	genus:Yersinia,species:enterocolitica,strain:subsp. enterocolitica 8081,gene_name:fliR,vf_name:Flagella,vf_accession:VF0394
VFG002341::flgL	1	0	.	.	genus:Yersinia,species:enterocolitica,strain:subsp. enterocolitica 8081,gene_name:flgL,vf_name:Flagella,vf_accession:VF0394
VFG002342::flgK	1	0	.	.	genus:Yersinia,species:enterocolitica,strain:subsp. enterocolitica 8081,gene_name:flgK,vf_name:Flagella,vf_accession:VF0394
VFG002343::flgJ	1	0	.	.	genus:Yersinia,species:enterocolitica,strain:subsp. enterocolitica 8081,gene_name:flgJ,vf_name:Flagella,vf_accession:VF0394
VFG002344::flgI	1	0	.	.	genus:Yersinia,species:enterocolitica,strain:subsp. enterocolitica 8081,gene_name:flgI,vf_name:Flagella,vf_accession:VF0394
VFG002345::flgH	1	0	.	.	genus:Yersinia,species:enterocolitica,strain:subsp. enterocolitica 8081,gene_name:flgH,vf_name:Flagella,vf_accession:VF0394
VFG002346::flgG	1	0	.	.	genus:Yersinia,species:enterocolitica,strain:subsp. enterocolitica 8081,gene_name:flgG,vf_name:Flagella,vf_accession:VF0394
VFG002347::flgF	1	0	.	.	genus:Yersinia,species:enterocolitica,strain:subsp. enterocolitica 8081,gene_name:flgF,vf_name:Flagella,vf_accession:VF0394
VFG002348::flgE	1	0	.	.	genus:Yersinia,species:enterocolitica,strain:subsp. enterocolitica 8081,gene_name:flgE,vf_name:Flagella,vf_accession:VF0394
VFG002349::flgD	1	0	.	.	genus:Yersinia,species:enterocolitica,strain:subsp. enterocolitica 8081,gene_name:flgD,vf_name:Flagella,vf_accession:VF0394
VFG002350::flgC	1	0	.	.	genus:Yersinia,species:enterocolitica,strain:subsp. enterocolitica 8081,gene_name:flgC,vf_name:Flagella,vf_accession:VF0394
VFG002351::flgB	1	0	.	.	genus:Yersinia,species:enterocolitica,strain:subsp. enterocolitica 8081,gene_name:flgB,vf_name:Flagella,vf_accession:VF0394
VFG002352::flgA	1	0	.	.	genus:Yersinia,species:enterocolitica,strain:subsp. enterocolitica 8081,gene_name:flgA,vf_name:Flagella,vf_accession:VF0394
VFG002353::flgM	1	0	.	.	genus:Yersinia,species:enterocolitica,strain:subsp. enterocolitica 8081,gene_name:flgM,vf_name:Flagella,vf_accession:VF0394
VFG002354::flgN	1	0	.	.	genus:Yersinia,species:enterocolitica,strain:subsp. enterocolitica 8081,gene_name:flgN,vf_name:Flagella,vf_accession:VF0394
VFG002355::flhE	1	0	.	.	genus:Yersinia,species:enterocolitica,strain:subsp. enterocolitica 8081,gene_name:flhE,vf_name:Flagella,vf_accession:VF0394
VFG002356::flhA	1	0	.	.	genus:Yersinia,species:enterocolitica,strain:subsp. enterocolitica 8081,gene_name:flhA,vf_name:Flagella,vf_accession:VF0394
VFG002357::flhB	1	0	.	.	genus:Yersinia,species:enterocolitica,strain:subsp. enterocolitica 8081,gene_name:flhB,vf_name:Flagella,vf_accession:VF0394
VFG002358::flhC	1	0	.	.	genus:Yersinia,species:enterocolitica,strain:subsp. enterocolitica 8081,gene_name:flhC,vf_name:Flagella,vf_accession:VF0394
VFG002359::flhD	1	0	.	.	genus:Yersinia,species:enterocolitica,strain:subsp. enterocolitica 8081,gene_name:flhD,vf_name:Flagella,vf_accession:VF0394
VFG002360::wzz	1	0	.	.	genus:Yersinia,species:enterocolitica,strain:subsp. enterocolitica 8081,gene_name:wzz,vf_name:O-antigen,vf_accession:VF0392
VFG002361::galE	1	0	.	.	genus:Yersinia,species:enterocolitica,strain:subsp. enterocolitica 8081,gene_name:galE,vf_name:O-antigen,vf_accession:VF0392
VFG002362::manB	1	0	.	.	genus:Yersinia,species:enterocolitica,strain:subsp. enterocolitica 8081,gene_name:manB,vf_name:O-antigen,vf_accession:VF0392
VFG002363::manC	1	0	.	.	genus:Yersinia,species:enterocolitica,strain:subsp. enterocolitica 8081,gene_name:manC,vf_name:O-antigen,vf_accession:VF0392
VFG002364::fcl	1	0	.	.	genus:Yersinia,species:enterocolitica,strain:subsp. enterocolitica 8081,gene_name:fcl,vf_name:O-antigen,vf_accession:VF0392
VFG002365::gmd	1	0	.	.	genus:Yersinia,species:enterocolitica,strain:subsp. enterocolitica 8081,gene_name:gmd,vf_name:O-antigen,vf_accession:VF0392
VFG002366::rfpB	1	0	.	.	genus:Yersinia,species:enterocolitica,strain:subsp. enterocolitica 8081,gene_name:rfpB,vf_name:O-antigen,vf_accession:VF0392
VFG002367::wbcH	1	0	.	.	genus:Yersinia,species:enterocolitica,strain:subsp. enterocolitica 8081,gene_name:wbcH,vf_name:O-antigen,vf_accession:VF0392
VFG002368::wbcG	1	0	.	.	genus:Yersinia,species:enterocolitica,strain:subsp. enterocolitica 8081,gene_name:wbcG,vf_name:O-antigen,vf_accession:VF0392
VFG002369::wbcF	1	0	.	.	genus:Yersinia,species:enterocolitica,strain:subsp. enterocolitica 8081,gene_name:wbcF,vf_name:O-antigen,vf_accession:VF0392
VFG002370::wzy	1	0	.	.	genus:Yersinia,species:enterocolitica,strain:subsp. enterocolitica 8081,gene_name:wzy,vf_name:O-antigen,vf_accession:VF0392
VFG002371::wbcD	1	0	.	.	genus:Yersinia,species:enterocolitica,strain:subsp. enterocolitica 8081,gene_name:wbcD,vf_name:O-antigen,vf_accession:VF0392
VFG002372::wzx	1	0	.	.	genus:Yersinia,species:enterocolitica,strain:subsp. enterocolitica 8081,gene_name:wzx,vf_name:O-antigen,vf_accession:VF0392
VFG002373::wbcC	1	0	.	.	genus:Yersinia,species:enterocolitica,strain:subsp. enterocolitica 8081,gene_name:wbcC,vf_name:O-antigen,vf_accession:VF0392
VFG002374::prt	1	0	.	.	genus:Yersinia,species:enterocolitica,strain:subsp. enterocolitica 8081,gene_name:prt,vf_name:O-antigen,vf_accession:VF0392
VFG002375::wbcA	1	0	.	.	genus:Yersinia,species:enterocolitica,strain:subsp. enterocolitica 8081,gene_name:wbcA,vf_name:O-antigen,vf_accession:VF0392
VFG002376::ddhB	1	0	.	.	genus:Yersinia,species:enterocolitica,strain:subsp. enterocolitica 8081,gene_name:ddhB,vf_name:O-antigen,vf_accession:VF0392
VFG002377::ddhA	1	0	.	.	genus:Yersinia,species:enterocolitica,strain:subsp. enterocolitica 8081,gene_name:ddhA,vf_name:O-antigen,vf_accession:VF0392
VFG002412::yagY/ecpB	1	0	.	.	genus:Escherichia,species:coli,strain:O157:H7 str. EDL933,gene_name:yagY/ecpB,vf_name:ECP,vf_accession:VF0404
VFG002413::ykgK/ecpR	1	0	.	.	genus:Escherichia,species:coli,strain:O157:H7 str. EDL933,gene_name:ykgK/ecpR,vf_name:ECP,vf_accession:VF0404
VFG002414::yagZ/ecpA	1	0	.	.	genus:Escherichia,species:coli,strain:O157:H7 str. EDL933,gene_name:yagZ/ecpA,vf_name:ECP,vf_accession:VF0404
VFG002415::yagX/ecpC	1	0	.	.	genus:Escherichia,species:coli,strain:O157:H7 str. EDL933,gene_name:yagX/ecpC,vf_name:ECP,vf_accession:VF0404
VFG002416::yagW/ecpD	1	0	.	.	genus:Escherichia,species:coli,strain:O157:H7 str. EDL933,gene_name:yagW/ecpD,vf_name:ECP,vf_accession:VF0404
VFG002417::yagV/ecpE	1	0	.	.	genus:Escherichia,species:coli,strain:O157:H7 str. EDL933,gene_name:yagV/ecpE,vf_name:ECP,vf_accession:VF0404
VFG003635::orgC	1	0	.	.	genus:Salmonella,species:enterica,strain:subsp. enterica serovar Typhimurium str. LT2,gene_name:orgC,vf_name:SPI-1 encoded T3SS,vf_accession:SS010
VFG003645::orgA	1	0	.	.	genus:Salmonella,species:enterica,strain:subsp. enterica serovar Typhimurium str. LT2,gene_name:orgA,vf_name:SPI-1 encoded T3SS,vf_accession:SS010
VFG003971::sseI/srfH	1	0	.	.	genus:Salmonella,species:enterica,strain:subsp. enterica serovar Typhimurium str. LT2,gene_name:sseI/srfH,vf_name:SPI-2 encoded T3SS,vf_accession:SS021
VFG003977::sseL	1	0	.	.	genus:Salmonella,species:enterica,strain:subsp. enterica serovar Typhimurium str. LT2,gene_name:sseL,vf_name:SPI-2 encoded T3SS,vf_accession:SS021
VFG003982::sseK2	1	0	.	.	genus:Salmonella,species:enterica,strain:subsp. enterica serovar Typhimurium str. LT2,gene_name:sseK2,vf_name:SPI-2 encoded T3SS,vf_accession:SS021
VFG003988::sifB	1	0	.	.	genus:Salmonella,species:enterica,strain:subsp. enterica serovar Typhimurium str. LT2,gene_name:sifB,vf_name:SPI-2 encoded T3SS,vf_accession:SS021
VFG003997::pipB2	1	0	.	.	genus:Salmonella,species:enterica,strain:subsp. enterica serovar Typhimurium str. LT2,gene_name:pipB2,vf_name:SPI-2 encoded T3SS,vf_accession:SS021
VFG004006::gogB	1	0	.	.	genus:Salmonella,species:enterica,strain:subsp. enterica serovar Typhimurium str. LT2,gene_name:gogB,vf_name:SPI-2 encoded T3SS,vf_accession:SS021
VFG004016::sseK1	1	0	.	.	genus:Salmonella,species:enterica,strain:subsp. enterica serovar Typhimurium str. LT2,gene_name:sseK1,vf_name:SPI-2 encoded T3SS,vf_accession:SS021
VFG004125::csgD	1	0	.	.	genus:Salmonella,species:enterica,strain:subsp. enterica serovar Typhimurium str. LT2,gene_name:csgD,vf_name:curli fibers/thin aggregative fimbriae (AGF),vf_accession:AI094
VFG012327::sfaC	1	0	.	.	genus:Escherichia,species:coli,strain:UTI89,gene_name:sfaC,vf_name:S fimbriae,vf_accession:VF0222
VFG012329::sfaB	1	0	.	.	genus:Escherichia,species:coli,strain:UTI89,gene_name:sfaB,vf_name:S fimbriae,vf_accession:VF0222
VFG012333::sfaD	1	0	.	.	genus:Escherichia,species:coli,strain:UTI89,gene_name:sfaD,vf_name:S fimbriae,vf_accession:VF0222
VFG012335::sfaE	1	0	.	.	genus:Escherichia,species:coli,strain:UTI89,gene_name:sfaE,vf_name:S fimbriae,vf_accession:VF0222
VFG012337::sfaF	1	0	.	.	genus:Escherichia,species:coli,strain:UTI89,gene_name:sfaF,vf_name:S fimbriae,vf_accession:VF0222
VFG012339::sfaG	1	0	.	.	genus:Escherichia,species:coli,strain:UTI89,gene_name:sfaG,vf_name:S fimbriae,vf_accession:VF0222
VFG012341::sfaS	1	0	.	.	genus:Escherichia,species:coli,strain:UTI89,gene_name:sfaS,vf_name:S fimbriae,vf_accession:VF0222
VFG012343::sfaH	1	0	.	.	genus:Escherichia,species:coli,strain:UTI89,gene_name:sfaH,vf_name:S fimbriae,vf_accession:VF0222
VFG012362::espB	1	0	.	.	genus:Escherichia,species:coli,strain:O157:H7 str. EDL933,gene_name:espB,vf_name:TTSS,vf_accession:VF0191
VFG012436::espFu/tccP	1	0	.	.	genus:Escherichia,species:coli,strain:O157:H7 str. EDL933,gene_name:espFu/tccP,vf_name:LEE encoded T3SS,vf_accession:SS020
VFG012438::ADP	1	0	.	.	genus:Escherichia,species:coli,strain:O157:H7 str. EDL933,gene_name:ADP,vf_name:LEE encoded T3SS,vf_accession:SS020
VFG012501::iroE	1	0	.	.	genus:Escherichia,species:coli,strain:CFT073,gene_name:iroE,vf_name:Salmochelin,vf_accession:IA013
VFG012505::iroD	1	0	.	.	genus:Escherichia,species:coli,strain:CFT073,gene_name:iroD,vf_name:Salmochelin,vf_accession:IA013
VFG012509::iroC	1	0	.	.	genus:Escherichia,species:coli,strain:CFT073,gene_name:iroC,vf_name:Salmochelin,vf_accession:IA013
VFG012513::iroB	1	0	.	.	genus:Escherichia,species:coli,strain:CFT073,gene_name:iroB,vf_name:Salmochelin,vf_accession:IA013
VFG012760::ipgB2	1	0	.	.	genus:Shigella,species:flexneri,strain:2a str. 301,gene_name:ipgB2,vf_name:T3SS,vf_accession:SS011
VFG012773::ospC2	1	0	.	.	genus:Shigella,species:flexneri,strain:2a str. 301,gene_name:ospC2,vf_name:T3SS,vf_accession:SS011
VFG012778::ospC3	1	0	.	.	genus:Shigella,species:flexneri,strain:2a str. 301,gene_name:ospC3,vf_name:T3SS,vf_accession:SS011
VFG012783::ospC4	1	0	.	.	genus:Shigella,species:flexneri,strain:2a str. 301,gene_name:ospC4,vf_name:T3SS,vf_accession:SS011
VFG012788::ospD1	1	0	.	.	genus:Shigella,species:flexneri,strain:2a str. 301,gene_name:ospD1,vf_name:T3SS,vf_accession:SS011
VFG012793::ospD2	1	0	.	.	genus:Shigella,species:flexneri,strain:2a str. 301,gene_name:ospD2,vf_name:T3SS,vf_accession:SS011
VFG012802::ospB	1	0	.	.	genus:Shigella,species:flexneri,strain:2a str. 301,gene_name:ospB,vf_name:T3SS,vf_accession:SS011
VFG012807::ospC1	1	0	.	.	genus:Shigella,species:flexneri,strain:2a str. 301,gene_name:ospC1,vf_name:T3SS,vf_accession:SS011
VFG012812::ospF	1	0	.	.	genus:Shigella,species:flexneri,strain:2a str. 301,gene_name:ospF,vf_name:T3SS,vf_accession:SS011
VFG012817::ospD3/senA	1	0	.	.	genus:Shigella,species:flexneri,strain:2a str. 301,gene_name:ospD3/senA,vf_name:T3SS,vf_accession:SS011
VFG012822::ospE1	1	0	.	.	genus:Shigella,species:flexneri,strain:2a str. 301,gene_name:ospE1,vf_name:T3SS,vf_accession:SS011
VFG012825::ospE2	1	0	.	.	genus:Shigella,species:flexneri,strain:2a str. 301,gene_name:ospE2,vf_name:T3SS,vf_accession:SS011
VFG012833::ipaH1.4	1	0	.	.	genus:Shigella,species:flexneri,strain:2a str. 301,gene_name:ipaH1.4,vf_name:T3SS,vf_accession:SS011
VFG012838::ipaH2.5	1	0	.	.	genus:Shigella,species:flexneri,strain:2a str. 301,gene_name:ipaH2.5,vf_name:T3SS,vf_accession:SS011
VFG012841::ipaH4.5	1	0	.	.	genus:Shigella,species:flexneri,strain:2a str. 301,gene_name:ipaH4.5,vf_name:T3SS,vf_accession:SS011
VFG013063::shuS	1	0	.	.	genus:Shigella,species:dysenteriae,strain:Sd197,gene_name:shuS,vf_name:Shu,vf_accession:VF0256
VFG013064::shuA	1	0	.	.	genus:Shigella,species:dysenteriae,strain:Sd197,gene_name:shuA,vf_name:Shu,vf_accession:VF0256
VFG013065::shuT	1	0	.	.	genus:Shigella,species:dysenteriae,strain:Sd197,gene_name:shuT,vf_name:Shu,vf_accession:VF0256
VFG013067::shuX	1	0	.	.	genus:Shigella,species:dysenteriae,strain:Sd197,gene_name:shuX,vf_name:Shu,vf_accession:VF0256
VFG013068::shuY	1	0	.	.	genus:Shigella,species:dysenteriae,strain:Sd197,gene_name:shuY,vf_name:Shu,vf_accession:VF0256
VFG013069::shuU	1	0	.	.	genus:Shigella,species:dysenteriae,strain:Sd197,gene_name:shuU,vf_name:Shu,vf_accession:VF0256
VFG013070::shuV	1	0	.	.	genus:Shigella,species:dysenteriae,strain:Sd197,gene_name:shuV,vf_name:Shu,vf_accession:VF0256
VFG017856::pilW	1	0	.	.	genus:Yersinia,species:enterocolitica,strain:subsp. enterocolitica 8081,gene_name:pilW,vf_name:Type IV pili,vf_accession:CVF049
VFG020318::cdtB	1	0	.	.	genus:Salmonella,species:enterica,strain:subsp. enterica serovar Typhi str. CT18,gene_name:cdtB,vf_name:CdtB,vf_accession:VF0407
VFG033805::nleD	1	0	.	.	genus:Escherichia,species:coli,strain:O55:H7 str. CB9615,gene_name:nleD,vf_name:NleD,vf_accession:VF0342
VFG034541::etpA	1	0	.	.	genus:Escherichia,species:coli,strain:O78:H11:K80 str. H10407,gene_name:etpA,vf_name:EtpA,vf_accession:VF0437
VFG034746::espK	1	0	.	.	genus:Escherichia,species:coli,strain:O157:H7 str. EDL933,gene_name:espK,vf_name:LEE encoded T3SS,vf_accession:SS020
VFG034754::espL1	1	0	.	.	genus:Escherichia,species:coli,strain:O157:H7 str. EDL933,gene_name:espL1,vf_name:LEE encoded T3SS,vf_accession:SS020
VFG034761::espL2	1	0	.	.	genus:Escherichia,species:coli,strain:O157:H7 str. EDL933,gene_name:espL2,vf_name:LEE encoded T3SS,vf_accession:SS020
VFG034772::espL4	1	0	.	.	genus:Escherichia,species:coli,strain:O157:H7 str. EDL933,gene_name:espL4,vf_name:LEE encoded T3SS,vf_accession:SS020
VFG034778::espM1	1	0	.	.	genus:Escherichia,species:coli,strain:O157:H7 str. EDL933,gene_name:espM1,vf_name:LEE encoded T3SS,vf_accession:SS020
VFG034786::espM2	1	0	.	.	genus:Escherichia,species:coli,strain:O157:H7 str. EDL933,gene_name:espM2,vf_name:LEE encoded T3SS,vf_accession:SS020
VFG034795::espN	1	0	.	.	genus:Escherichia,species:coli,strain:O157:H7 str. EDL933,gene_name:espN,vf_name:LEE encoded T3SS,vf_accession:SS020
VFG034815::espR1	1	0	.	.	genus:Escherichia,species:coli,strain:O157:H7 str. EDL933,gene_name:espR1,vf_name:LEE encoded T3SS,vf_accession:SS020
VFG034825::espR3	1	0	.	.	genus:Escherichia,species:coli,strain:O157:H7 str. EDL933,gene_name:espR3,vf_name:LEE encoded T3SS,vf_accession:SS020
VFG034831::espR4	1	0	.	.	genus:Escherichia,species:coli,strain:O157:H7 str. EDL933,gene_name:espR4,vf_name:LEE encoded T3SS,vf_accession:SS020
VFG034840::espW	1	0	.	.	genus:Escherichia,species:coli,strain:O157:H7 str. EDL933,gene_name:espW,vf_name:LEE encoded T3SS,vf_accession:SS020
VFG034849::espX1	1	0	.	.	genus:Escherichia,species:coli,strain:O157:H7 str. EDL933,gene_name:espX1,vf_name:LEE encoded T3SS,vf_accession:SS020
VFG034859::espX2	1	0	.	.	genus:Escherichia,species:coli,strain:O157:H7 str. EDL933,gene_name:espX2,vf_name:LEE encoded T3SS,vf_accession:SS020
VFG034866::espX4	1	0	.	.	genus:Escherichia,species:coli,strain:O157:H7 str. EDL933,gene_name:espX4,vf_name:LEE encoded T3SS,vf_accession:SS020
VFG034873::espX5	1	0	.	.	genus:Escherichia,species:coli,strain:O157:H7 str. EDL933,gene_name:espX5,vf_name:LEE encoded T3SS,vf_accession:SS020
VFG034880::espX6	1	0	.	.	genus:Escherichia,species:coli,strain:O157:H7 str. EDL933,gene_name:espX6,vf_name:LEE encoded T3SS,vf_accession:SS020
VFG034887::espX7/nleL	1	0	.	.	genus:Escherichia,species:coli,strain:O157:H7 str. EDL933,gene_name:espX7/nleL,vf_name:LEE encoded T3SS,vf_accession:SS020
VFG034895::espY1	1	0	.	.	genus:Escherichia,species:coli,strain:O157:H7 str. EDL933,gene_name:espY1,vf_name:LEE encoded T3SS,vf_accession:SS020
VFG034901::espY2	1	0	.	.	genus:Escherichia,species:coli,strain:O157:H7 str. EDL933,gene_name:espY2,vf_name:LEE encoded T3SS,vf_accession:SS020
VFG034908::espY3	1	0	.	.	genus:Escherichia,species:coli,strain:O157:H7 str. EDL933,gene_name:espY3,vf_name:LEE encoded T3SS,vf_accession:SS020
VFG034915::espY4	1	0	.	.	genus:Escherichia,species:coli,strain:O157:H7 str. EDL933,gene_name:espY4,vf_name:LEE encoded T3SS,vf_accession:SS020
VFG034932::nleB1	1	0	.	.	genus:Escherichia,species:coli,strain:O157:H7 str. EDL933,gene_name:nleB1,vf_name:LEE encoded T3SS,vf_accession:SS020
VFG034942::nleB2	1	0	.	.	genus:Escherichia,species:coli,strain:O157:H7 str. EDL933,gene_name:nleB2,vf_name:LEE encoded T3SS,vf_accession:SS020
VFG034954::nleE	1	0	.	.	genus:Escherichia,species:coli,strain:O157:H7 str. EDL933,gene_name:nleE,vf_name:LEE encoded T3SS,vf_accession:SS020
VFG034966::nleF	1	0	.	.	genus:Escherichia,species:coli,strain:O157:H7 str. EDL933,gene_name:nleF,vf_name:LEE encoded T3SS,vf_accession:SS020
VFG035043::nleG7'	1	0	.	.	genus:Escherichia,species:coli,strain:O157:H7 str. EDL933,gene_name:nleG7',vf_name:LEE encoded T3SS,vf_accession:SS020
VFG035062::nleH1	1	0	.	.	genus:Escherichia,species:coli,strain:O157:H7 str. EDL933,gene_name:nleH1,vf_name:LEE encoded T3SS,vf_accession:SS020
VFG035073::nleH2	1	0	.	.	genus:Escherichia,species:coli,strain:O157:H7 str. EDL933,gene_name:nleH2,vf_name:LEE encoded T3SS,vf_accession:SS020
VFG041905::ipaJ	1	0	.	.	genus:Shigella,species:flexneri,strain:2a str. 301,gene_name:ipaJ,vf_name:T3SS,vf_accession:SS011
VFG042066::steC	1	0	.	.	genus:Salmonella,species:enterica,strain:subsp. enterica serovar Typhimurium str. LT2,gene_name:steC,vf_name:SPI-2 encoded T3SS,vf_accession:SS021
VFG042067::steA	1	0	.	.	genus:Salmonella,species:enterica,strain:subsp. enterica serovar Typhimurium str. LT2,gene_name:steA,vf_name:SPI-1 encoded T3SS,vf_accession:SS010
VFG042068::sopD2	1	0	.	.	genus:Salmonella,species:enterica,strain:subsp. enterica serovar Typhimurium str. LT2,gene_name:sopD2,vf_name:SPI-2 encoded T3SS,vf_accession:SS021
VFG042214::steB	1	0	.	.	genus:Salmonella,species:enterica,strain:subsp. enterica serovar Typhimurium str. LT2,gene_name:steB,vf_name:SPI-1 encoded T3SS,vf_accession:SS010
VFG042216::sspH1	1	0	.	.	genus:Salmonella,species:enterica,strain:subsp. enterica serovar Typhimurium str. 14028s,gene_name:sspH1,vf_name:SPI-1 encoded T3SS,vf_accession:SS010
VFG042218::cif	1	0	.	.	genus:Escherichia,species:coli,strain:O26 str. C/15333,gene_name:cif,vf_name:Cif,vf_accession:VF0205
VFG042219::espT	0	0	.	.	genus:Escherichia,species:coli,strain:ONT:H- str. FV11678,gene_name:espT,vf_name:LEE encoded T3SS,vf_accession:SS020
VFG042311::yapC	1	0	.	.	genus:Yersinia,species:pestis,strain:CO92,gene_name:yapC,vf_name:YapC,vf_accession:VF0510
VFG042312::yapE	1	0	.	.	genus:Yersinia,species:pestis,strain:CO92,gene_name:yapE,vf_name:YapE,vf_accession:VF0505
VFG042325::ospI	1	0	.	.	genus:Shigella,species:flexneri,strain:2a str. 301,gene_name:ospI,vf_name:T3SS,vf_accession:SS011
VFG042382::etpB	1	0	.	.	genus:Escherichia,species:coli,strain:O78:H11:K80 str. H10407,gene_name:etpB,vf_name:EtpA,vf_accession:VF0437
VFG042389::sfaY	1	0	.	.	genus:Escherichia,species:coli,strain:UTI89,gene_name:sfaY,vf_name:S fimbriae,vf_accession:VF0222
VFG042390::sfaX	1	0	.	.	genus:Escherichia,species:coli,strain:UTI89,gene_name:sfaX,vf_name:S fimbriae,vf_accession:VF0222
VFG042423::afaA	1	0	.	.	genus:Escherichia,species:coli,strain:O25b:H4 str. FV9863,gene_name:afaA,vf_name:Afimbrial adhesin, AFA-I, mannose-resistant adhesin,vf_accession:AI010
VFG042424::afaB-I	1	0	.	.	genus:Escherichia,species:coli,strain:O25b:H4 str. FV9863,gene_name:afaB-I,vf_name:Afimbrial adhesin, AFA-I, mannose-resistant adhesin,vf_accession:AI010
VFG042425::afaC-I	1	0	.	.	genus:Escherichia,species:coli,strain:O25b:H4 str. FV9863,gene_name:afaC-I,vf_name:Afimbrial adhesin, AFA-I, mannose-resistant adhesin,vf_accession:AI010
VFG042426::afaD	1	0	.	.	genus:Escherichia,species:coli,strain:O25b:H4 str. FV9863,gene_name:afaD,vf_name:Afimbrial adhesin, AFA-I, mannose-resistant adhesin,vf_accession:AI010
VFG042428::afaE-II	1	0	.	.	genus:Escherichia,species:coli,strain:str. A22,gene_name:afaE-II,vf_name:Afimbrial adhesin, AFA-II, chloramphenicol-resistant adhesin,vf_accession:AI011
VFG042429::afaF-III	1	0	.	.	genus:Escherichia,species:coli,strain:str. A30,gene_name:afaF-III,vf_name:Afimbrial adhesin, AFA-III,vf_accession:AI012
VFG042432::afaC-III	1	0	.	.	genus:Escherichia,species:coli,strain:str. A30,gene_name:afaC-III,vf_name:Afimbrial adhesin, AFA-III,vf_accession:AI012
VFG042435::afaE-V	1	0	.	.	genus:Escherichia,species:coli,strain:str. AL 851,gene_name:afaE-V,vf_name:Afimbrial adhesin, AFA-V,vf_accession:AI013
VFG042436::afaC-VII	1	0	.	.	genus:Escherichia,species:coli,strain:str. 239 KH 89,gene_name:afaC-VII,vf_name:Afimbrial adhesin, AFA-VII,vf_accession:AI014
VFG042437::afaD-VII	1	0	.	.	genus:Escherichia,species:coli,strain:str. 239 KH 89,gene_name:afaD-VII,vf_name:Afimbrial adhesin, AFA-VII,vf_accession:AI014
VFG042438::afaG-VII	1	0	.	.	genus:Escherichia,species:coli,strain:str. 239 KH 89,gene_name:afaG-VII,vf_name:Afimbrial adhesin, AFA-VII,vf_accession:AI014
VFG042439::afaE-VII	1	0	.	.	genus:Escherichia,species:coli,strain:str. 239 KH 89,gene_name:afaE-VII,vf_name:Afimbrial adhesin, AFA-VII,vf_accession:AI014
VFG042440::afaF-VII	1	0	.	.	genus:Escherichia,species:coli,strain:str. 239 KH 89,gene_name:afaF-VII,vf_name:Afimbrial adhesin, AfaE-VIII,vf_accession:AI015
VFG042441::afaA-VIII	1	0	.	.	genus:Escherichia,species:coli,strain:str. 239 KH 89,gene_name:afaA-VIII,vf_name:Afimbrial adhesin, AfaE-VIII,vf_accession:AI015
VFG042442::afaB-VIII	1	0	.	.	genus:Escherichia,species:coli,strain:str. 239 KH 89,gene_name:afaB-VIII,vf_name:Afimbrial adhesin, AfaE-VIII,vf_accession:AI015
VFG042443::afaC-VIII	1	0	.	.	genus:Escherichia,species:coli,strain:str. 239 KH 89,gene_name:afaC-VIII,vf_name:Afimbrial adhesin, AfaE-VIII,vf_accession:AI015
VFG042444::afaD-VIII	1	0	.	.	genus:Escherichia,species:coli,strain:str. 239 KH 89,gene_name:afaD-VIII,vf_name:Afimbrial adhesin, AfaE-VIII,vf_accession:AI015
VFG042445::afaE-VIII	1	0	.	.	genus:Escherichia,species:coli,strain:str. 239 KH 89,gene_name:afaE-VIII,vf_name:Afimbrial adhesin, AfaE-VIII,vf_accession:AI015
VFG042446::daaC	0	0	.	.	genus:Escherichia,species:coli,strain:str. C1845,gene_name:daaC,vf_name:F1845 fimbrial adhesin,vf_accession:AI016
VFG042447::daaF	1	0	.	.	genus:Escherichia,species:coli,strain:str. C1845,gene_name:daaF,vf_name:F1845 fimbrial adhesin,vf_accession:AI016
VFG042448::daaA	1	0	.	.	genus:Escherichia,species:coli,strain:str. C1845,gene_name:daaA,vf_name:F1845 fimbrial adhesin,vf_accession:AI016
VFG042450::daaD	1	0	.	.	genus:Escherichia,species:coli,strain:str. C1845,gene_name:daaD,vf_name:F1845 fimbrial adhesin,vf_accession:AI016
VFG042455::cfaA	1	0	.	.	genus:Escherichia,species:coli,strain:str. E7473,gene_name:cfaA,vf_name:Colonization factor antigen I fimbriae (CFA/I),vf_accession:AI018
VFG042457::cfaC	1	0	.	.	genus:Escherichia,species:coli,strain:str. E7473,gene_name:cfaC,vf_name:Colonization factor antigen I fimbriae (CFA/I),vf_accession:AI018
VFG042458::cfaE	1	0	.	.	genus:Escherichia,species:coli,strain:str. E7473,gene_name:cfaE,vf_name:Colonization factor antigen I fimbriae (CFA/I),vf_accession:AI018
VFG042459::cfaD'	1	0	.	.	genus:Escherichia,species:coli,strain:str. E7473,gene_name:cfaD',vf_name:Colonization factor antigen I fimbriae (CFA/I),vf_accession:AI018
VFG042471::csaA	1	0	.	.	genus:Escherichia,species:coli,strain:O25:H42 str. E11881A,gene_name:csaA,vf_name:coli surface antigen CS4,vf_accession:AI022
VFG042472::csaB	1	0	.	.	genus:Escherichia,species:coli,strain:O25:H42 str. E11881A,gene_name:csaB,vf_name:coli surface antigen CS4,vf_accession:AI022
VFG042473::csaC	1	0	.	.	genus:Escherichia,species:coli,strain:O25:H42 str. E11881A,gene_name:csaC,vf_name:coli surface antigen CS4,vf_accession:AI022
VFG042474::csaE	1	0	.	.	genus:Escherichia,species:coli,strain:O25:H42 str. E11881A,gene_name:csaE,vf_name:coli surface antigen CS4,vf_accession:AI022
VFG042506::csbB	1	0	.	.	genus:Escherichia,species:coli,strain:O8:H9 str. WS6788A,gene_name:csbB,vf_name:coli surface antigen CS17,vf_accession:AI030
VFG042508::csbC	1	0	.	.	genus:Escherichia,species:coli,strain:O8:H9 str. WS6788A,gene_name:csbC,vf_name:coli surface antigen CS17,vf_accession:AI030
VFG042509::csbD	1	0	.	.	genus:Escherichia,species:coli,strain:O8:H9 str. WS6788A,gene_name:csbD,vf_name:coli surface antigen CS17,vf_accession:AI030
VFG042519::csdB	1	0	.	.	genus:Escherichia,species:coli,strain:O114:H- str. WS0115A,gene_name:csdB,vf_name:coli surface antigen CS19,vf_accession:AI032
VFG042520::csdA	1	0	.	.	genus:Escherichia,species:coli,strain:O114:H- str. WS0115A,gene_name:csdA,vf_name:coli surface antigen CS19,vf_accession:AI032
VFG042521::csdC	1	0	.	.	genus:Escherichia,species:coli,strain:O114:H- str. WS0115A,gene_name:csdC,vf_name:coli surface antigen CS19,vf_accession:AI032
VFG042522::csdD	1	0	.	.	genus:Escherichia,species:coli,strain:O114:H- str. WS0115A,gene_name:csdD,vf_name:coli surface antigen CS19,vf_accession:AI032
VFG042535::f17d-A	1	0	.	.	genus:Escherichia,species:coli,strain:str. 111KH86,gene_name:f17d-A,vf_name:F17 pili,vf_accession:AI037
VFG042536::f17d-D	1	0	.	.	genus:Escherichia,species:coli,strain:str. 111KH86,gene_name:f17d-D,vf_name:F17 pili,vf_accession:AI037
VFG042537::f17d-C	1	0	.	.	genus:Escherichia,species:coli,strain:str. 111KH86,gene_name:f17d-C,vf_name:F17 pili,vf_accession:AI037
VFG042538::f17d-G	1	0	.	.	genus:Escherichia,species:coli,strain:str. 111KH86,gene_name:f17d-G,vf_name:F17 pili,vf_accession:AI037
VFG042552::faeD	1	0	.	.	genus:Escherichia,species:coli,strain:SE11,gene_name:faeD,vf_name:K88 pili/F4 fimbriae,vf_accession:AI040
VFG042553::faeE	1	0	.	.	genus:Escherichia,species:coli,strain:SE11,gene_name:faeE,vf_name:K88 pili/F4 fimbriae,vf_accession:AI040
VFG042554::faeF	1	0	.	.	genus:Escherichia,species:coli,strain:SE11,gene_name:faeF,vf_name:K88 pili/F4 fimbriae,vf_accession:AI040
VFG042555::faeG	1	0	.	.	genus:Escherichia,species:coli,strain:SE11,gene_name:faeG,vf_name:K88 pili/F4 fimbriae,vf_accession:AI040
VFG042556::faeH	1	0	.	.	genus:Escherichia,species:coli,strain:SE11,gene_name:faeH,vf_name:K88 pili/F4 fimbriae,vf_accession:AI040
VFG042557::faeI	1	0	.	.	genus:Escherichia,species:coli,strain:SE11,gene_name:faeI,vf_name:K88 pili/F4 fimbriae,vf_accession:AI040
VFG042558::faeJ	1	0	.	.	genus:Escherichia,species:coli,strain:SE11,gene_name:faeJ,vf_name:K88 pili/F4 fimbriae,vf_accession:AI040
VFG042559::faeC	1	0	.	.	genus:Escherichia,species:coli,strain:,gene_name:faeC,vf_name:K88 pili/F4 fimbriae,vf_accession:AI040
VFG043205::cheZ	1	0	.	.	genus:Yersinia,species:enterocolitica,strain:subsp. enterocolitica 8081,gene_name:cheZ,vf_name:peritrichous flagella,vf_accession:AI145
VFG043206::cheY	1	0	.	.	genus:Yersinia,species:enterocolitica,strain:subsp. enterocolitica 8081,gene_name:cheY,vf_name:peritrichous flagella,vf_accession:AI145
VFG043207::cheB	1	0	.	.	genus:Yersinia,species:enterocolitica,strain:subsp. enterocolitica 8081,gene_name:cheB,vf_name:peritrichous flagella,vf_accession:AI145
VFG043208::cheR	1	0	.	.	genus:Yersinia,species:enterocolitica,strain:subsp. enterocolitica 8081,gene_name:cheR,vf_name:peritrichous flagella,vf_accession:AI145
VFG043209::cheD	1	0	.	.	genus:Yersinia,species:enterocolitica,strain:subsp. enterocolitica 8081,gene_name:cheD,vf_name:peritrichous flagella,vf_accession:AI145
VFG043210::cheW	1	0	.	.	genus:Yersinia,species:enterocolitica,strain:subsp. enterocolitica 8081,gene_name:cheW,vf_name:peritrichous flagella,vf_accession:AI145
VFG043211::cheA	1	0	.	.	genus:Yersinia,species:enterocolitica,strain:subsp. enterocolitica 8081,gene_name:cheA,vf_name:peritrichous flagella,vf_accession:AI145
VFG043212::motB	1	0	.	.	genus:Yersinia,species:enterocolitica,strain:subsp. enterocolitica 8081,gene_name:motB,vf_name:peritrichous flagella,vf_accession:AI145
VFG043213::motA	1	0	.	.	genus:Yersinia,species:enterocolitica,strain:subsp. enterocolitica 8081,gene_name:motA,vf_name:peritrichous flagella,vf_accession:AI145
VFG043732::cdtA	1	0	.	.	genus:Escherichia,species:coli,strain:O157:H str. 493/89,gene_name:cdtA,vf_name:CDT,vf_accession:VF0185
VFG043733::cdtB	1	0	.	.	genus:Escherichia,species:coli,strain:O157:H str. 493/89,gene_name:cdtB,vf_name:CDT,vf_accession:VF0185
VFG043734::cdtC	1	0	.	.	genus:Escherichia,species:coli,strain:O157:H str. 493/89,gene_name:cdtC,vf_name:CDT,vf_accession:VF0185
VFG044159::fes	1	0	.	.	genus:Escherichia,species:coli,strain:CFT073,gene_name:fes,vf_name:enterobactin,vf_accession:VF0228
VFG044165::entS	1	0	.	.	genus:Escherichia,species:coli,strain:CFT073,gene_name:entS,vf_name:enterobactin,vf_accession:VF0228
VFG044172::chuV	1	0	.	.	genus:Escherichia,species:coli,strain:CFT073,gene_name:chuV,vf_name:Chu,vf_accession:VF0227
VFG045328::east1	1	0	.	.	genus:Escherichia,species:coli,strain:ONT:HND str. A16,gene_name:east1,vf_name:EAST1,vf_accession:VF0188
VFG045339::nleA	1	0	.	.	genus:Escherichia,species:coli,strain:C342-62,gene_name:nleA,vf_name:NleA/EspI,vf_accession:VF0339
VFG045342::yapK	1	0	.	.	genus:Yersinia,species:pestis,strain:CO92,gene_name:yapK,vf_name:YapK,vf_accession:VF0508
VFG045343::yapJ	1	0	.	.	genus:Yersinia,species:pestis,strain:CO92,gene_name:yapJ,vf_name:YapJ,vf_accession:VF0509
VFG045344::yapV	1	0	.	.	genus:Yersinia,species:pestis,strain:KIM 10,gene_name:yapV,vf_name:YapV,vf_accession:VF0507
VFG045347::yaxA	1	0	.	.	genus:Yersinia,species:enterocolitica,strain:subsp. enterocolitica 8081,gene_name:yaxA,vf_name:YaxAB,vf_accession:VF0511
VFG045348::yaxB	1	0	.	.	genus:Yersinia,species:enterocolitica,strain:subsp. enterocolitica 8081,gene_name:yaxB,vf_name:YaxAB,vf_accession:VF0511
VFG045349::fdeC	1	0	.	.	genus:Escherichia,species:coli,strain:O45:K1:H7 str. S88,gene_name:fdeC,vf_name:FdeC,vf_accession:VF0506
VFG045464::tcpC	1	0	.	.	genus:Escherichia,species:coli,strain:CFT073,gene_name:tcpC,vf_name:TcpC,vf_accession:VF0413
