VFG000349__psaE	1	0	.	.	genus:Yersinia,species:pestis,strain:CO92,gene_name:psaE,vf_name:Myf/pH6 antigen,vf_accession:VF0134
VFG000350__psaF	1	0	.	.	genus:Yersinia,species:pestis,strain:CO92,gene_name:psaF,vf_name:Myf/pH6 antigen,vf_accession:VF0134
VFG000351__antigen_4	1	0	.	.	genus:Yersinia,species:pestis,strain:CO92,gene_name:antigen 4,vf_name:Myf/pH6 antigen,vf_accession:VF0134
VFG000352__psaB	1	0	.	.	genus:Yersinia,species:pestis,strain:CO92,gene_name:psaB,vf_name:Myf/pH6 antigen,vf_accession:VF0134
VFG000353__psaC	1	0	.	.	genus:Yersinia,species:pestis,strain:CO92,gene_name:psaC,vf_name:Myf/pH6 antigen,vf_accession:VF0134
VFG000354__ail	1	0	.	.	genus:Yersinia,species:pestis,strain:CO92,gene_name:ail,vf_name:Ail,vf_accession:VF0132
VFG000356__inv	1	0	.	.	genus:Yersinia,species:enterocolitica,strain:W1024,gene_name:inv,vf_name:Invasin,vf_accession:VF0131
VFG000358__fyuA	1	0	.	.	genus:Yersinia,species:pestis,strain:CO92,gene_name:fyuA,vf_name:Yersiniabactin,vf_accession:VF0136
VFG000359__ybtE	1	0	.	.	genus:Yersinia,species:pestis,strain:CO92,gene_name:ybtE,vf_name:Yersiniabactin,vf_accession:VF0136
VFG000360__ybtT	1	0	.	.	genus:Yersinia,species:pestis,strain:CO92,gene_name:ybtT,vf_name:Yersiniabactin,vf_accession:VF0136
VFG000361__ybtU	1	0	.	.	genus:Yersinia,species:pestis,strain:CO92,gene_name:ybtU,vf_name:Yersiniabactin,vf_accession:VF0136
VFG000362__irp1	1	0	.	.	genus:Yersinia,species:pestis,strain:CO92,gene_name:irp1,vf_name:Yersiniabactin,vf_accession:VF0136
VFG000363__irp2	1	0	.	.	genus:Yersinia,species:pestis,strain:CO92,gene_name:irp2,vf_name:Yersiniabactin,vf_accession:VF0136
VFG000364__ybtA	1	0	.	.	genus:Yersinia,species:pestis,strain:CO92,gene_name:ybtA,vf_name:Yersiniabactin,vf_accession:VF0136
VFG000365__ybtP	1	0	.	.	genus:Yersinia,species:pestis,strain:CO92,gene_name:ybtP,vf_name:Yersiniabactin,vf_accession:VF0136
VFG000366__ybtQ	1	0	.	.	genus:Yersinia,species:pestis,strain:CO92,gene_name:ybtQ,vf_name:Yersiniabactin,vf_accession:VF0136
VFG000367__ybtX	1	0	.	.	genus:Yersinia,species:pestis,strain:CO92,gene_name:ybtX,vf_name:Yersiniabactin,vf_accession:VF0136
VFG000368__ybtS	1	0	.	.	genus:Yersinia,species:pestis,strain:CO92,gene_name:ybtS,vf_name:Yersiniabactin,vf_accession:VF0136
VFG000371__yadA	0	0	.	.	genus:Yersinia,species:pestis,strain:CO92,gene_name:yadA,vf_name:YadA,vf_accession:VF0133
VFG000372__sycE_yerA	1	0	.	.	genus:Yersinia,species:pestis,strain:CO92,gene_name:sycE/yerA,vf_name:TTSS,vf_accession:VF0140
VFG000373__yopE	1	0	.	.	genus:Yersinia,species:pestis,strain:CO92,gene_name:yopE,vf_name:TTSS,vf_accession:VF0140
VFG000374__yopK_yopQ	1	0	.	.	genus:Yersinia,species:pestis,strain:CO92,gene_name:yopK/yopQ,vf_name:TTSS,vf_accession:VF0140
VFG000375__yopT	1	0	.	.	genus:Yersinia,species:pestis,strain:CO92,gene_name:yopT,vf_name:TTSS,vf_accession:VF0140
VFG000376__sycT	1	0	.	.	genus:Yersinia,species:pestis,strain:CO92,gene_name:sycT,vf_name:TTSS,vf_accession:VF0140
VFG000377__yopM	1	0	.	.	genus:Yersinia,species:pestis,strain:CO92,gene_name:yopM,vf_name:TTSS,vf_accession:VF0140
VFG000378__yopD	1	0	.	.	genus:Yersinia,species:pestis,strain:CO92,gene_name:yopD,vf_name:TTSS,vf_accession:VF0140
VFG000379__yopB	1	0	.	.	genus:Yersinia,species:pestis,strain:CO92,gene_name:yopB,vf_name:TTSS,vf_accession:VF0140
VFG000380__sycD_lcrH	1	0	.	.	genus:Yersinia,species:pestis,strain:CO92,gene_name:sycD/lcrH,vf_name:TTSS,vf_accession:VF0140
VFG000381__lcrV	1	0	.	.	genus:Yersinia,species:pestis,strain:CO92,gene_name:lcrV,vf_name:TTSS,vf_accession:VF0140
VFG000382__lcrG	1	0	.	.	genus:Yersinia,species:pestis,strain:CO92,gene_name:lcrG,vf_name:TTSS,vf_accession:VF0140
VFG000383__lcrR	1	0	.	.	genus:Yersinia,species:pestis,strain:CO92,gene_name:lcrR,vf_name:TTSS,vf_accession:VF0140
VFG000384__yscV_lcrD	1	0	.	.	genus:Yersinia,species:pestis,strain:CO92,gene_name:yscV/lcrD,vf_name:TTSS,vf_accession:VF0140
VFG000385__yscY	1	0	.	.	genus:Yersinia,species:pestis,strain:CO92,gene_name:yscY,vf_name:TTSS,vf_accession:VF0140
VFG000386__yscX	1	0	.	.	genus:Yersinia,species:pestis,strain:CO92,gene_name:yscX,vf_name:TTSS,vf_accession:VF0140
VFG000387__sycN	1	0	.	.	genus:Yersinia,species:pestis,strain:CO92,gene_name:sycN,vf_name:TTSS,vf_accession:VF0140
VFG000388__tyeA	1	0	.	.	genus:Yersinia,species:pestis,strain:CO92,gene_name:tyeA,vf_name:TTSS,vf_accession:VF0140
VFG000389__lcrE_yopN	1	0	.	.	genus:Yersinia,species:pestis,strain:CO92,gene_name:lcrE/yopN,vf_name:TTSS,vf_accession:VF0140
VFG000390__yscN	1	0	.	.	genus:Yersinia,species:pestis,strain:CO92,gene_name:yscN,vf_name:TTSS,vf_accession:VF0140
VFG000391__yscO	1	0	.	.	genus:Yersinia,species:pestis,strain:CO92,gene_name:yscO,vf_name:TTSS,vf_accession:VF0140
VFG000392__yscP	1	0	.	.	genus:Yersinia,species:pestis,strain:CO92,gene_name:yscP,vf_name:TTSS,vf_accession:VF0140
VFG000393__yscQ	1	0	.	.	genus:Yersinia,species:pestis,strain:CO92,gene_name:yscQ,vf_name:TTSS,vf_accession:VF0140
VFG000394__yscR	1	0	.	.	genus:Yersinia,species:pestis,strain:CO92,gene_name:yscR,vf_name:TTSS,vf_accession:VF0140
VFG000395__yscS	1	0	.	.	genus:Yersinia,species:pestis,strain:CO92,gene_name:yscS,vf_name:TTSS,vf_accession:VF0140
VFG000396__yscT	1	0	.	.	genus:Yersinia,species:pestis,strain:CO92,gene_name:yscT,vf_name:TTSS,vf_accession:VF0140
VFG000397__yscU	1	0	.	.	genus:Yersinia,species:pestis,strain:CO92,gene_name:yscU,vf_name:TTSS,vf_accession:VF0140
VFG000398__virG_yscW	1	0	.	.	genus:Yersinia,species:pestis,strain:CO92,gene_name:virG/yscW,vf_name:TTSS,vf_accession:VF0140
VFG000400__yscA	1	0	.	.	genus:Yersinia,species:pestis,strain:CO92,gene_name:yscA,vf_name:TTSS,vf_accession:VF0140
VFG000401__yscB	1	0	.	.	genus:Yersinia,species:pestis,strain:CO92,gene_name:yscB,vf_name:TTSS,vf_accession:VF0140
VFG000402__yscC	1	0	.	.	genus:Yersinia,species:pestis,strain:CO92,gene_name:yscC,vf_name:TTSS,vf_accession:VF0140
VFG000403__yscD	1	0	.	.	genus:Yersinia,species:pestis,strain:CO92,gene_name:yscD,vf_name:TTSS,vf_accession:VF0140
VFG000404__yscE	1	0	.	.	genus:Yersinia,species:pestis,strain:CO92,gene_name:yscE,vf_name:TTSS,vf_accession:VF0140
VFG000405__yscF	1	0	.	.	genus:Yersinia,species:pestis,strain:CO92,gene_name:yscF,vf_name:TTSS,vf_accession:VF0140
VFG000406__yscG	1	0	.	.	genus:Yersinia,species:pestis,strain:CO92,gene_name:yscG,vf_name:TTSS,vf_accession:VF0140
VFG000407__yopR_yscH_lcrP	1	0	.	.	genus:Yersinia,species:pestis,strain:CO92,gene_name:yopR/yscH/lcrP,vf_name:TTSS,vf_accession:VF0140
VFG000408__lcrO_yscI	1	0	.	.	genus:Yersinia,species:pestis,strain:CO92,gene_name:lcrO/yscI,vf_name:TTSS,vf_accession:VF0140
VFG000409__ylpB_yscJ	1	0	.	.	genus:Yersinia,species:pestis,strain:CO92,gene_name:ylpB/yscJ,vf_name:TTSS,vf_accession:VF0140
VFG000410__yscK	1	0	.	.	genus:Yersinia,species:pestis,strain:CO92,gene_name:yscK,vf_name:TTSS,vf_accession:VF0140
VFG000411__yscL	1	0	.	.	genus:Yersinia,species:pestis,strain:CO92,gene_name:yscL,vf_name:TTSS,vf_accession:VF0140
VFG000412__lcrQ_yscM	1	0	.	.	genus:Yersinia,species:pestis,strain:CO92,gene_name:lcrQ/yscM,vf_name:TTSS,vf_accession:VF0140
VFG000413__yopH	1	0	.	.	genus:Yersinia,species:pestis,strain:CO92,gene_name:yopH,vf_name:TTSS,vf_accession:VF0140
VFG000414__yopJ_yopP	1	0	.	.	genus:Yersinia,species:pestis,strain:CO92,gene_name:yopJ/yopP,vf_name:TTSS,vf_accession:VF0140
VFG000415__yopO_ypkA	1	0	.	.	genus:Yersinia,species:pestis,strain:CO92,gene_name:yopO/ypkA,vf_name:TTSS,vf_accession:VF0140
VFG000416__sycH	1	0	.	.	genus:Yersinia,species:pestis,strain:CO92,gene_name:sycH,vf_name:TTSS,vf_accession:VF0140
VFG000417__pla	1	0	.	.	genus:Yersinia,species:pestis,strain:CO92,gene_name:pla,vf_name:Pla,vf_accession:VF0139
VFG000418__caf1	1	0	.	.	genus:Yersinia,species:pestis,strain:CO92,gene_name:caf1,vf_name:F1 antigen,vf_accession:VF0138
VFG000419__caf1A	1	0	.	.	genus:Yersinia,species:pestis,strain:CO92,gene_name:caf1A,vf_name:F1 antigen,vf_accession:VF0138
VFG000420__caf1M	1	0	.	.	genus:Yersinia,species:pestis,strain:CO92,gene_name:caf1M,vf_name:F1 antigen,vf_accession:VF0138
VFG000421__caf1R	1	0	.	.	genus:Yersinia,species:pestis,strain:CO92,gene_name:caf1R,vf_name:F1 antigen,vf_accession:VF0138
VFG000422__ymt	1	0	.	.	genus:Yersinia,species:pestis,strain:CO92,gene_name:ymt,vf_name:Ymt,vf_accession:VF0137
VFG000423__vexE	1	0	.	.	genus:Salmonella,species:enterica,strain:subsp. enterica serovar Typhi str. CT18,gene_name:vexE,vf_name:Vi antigen,vf_accession:VF0101
VFG000424__vexD	1	0	.	.	genus:Salmonella,species:enterica,strain:subsp. enterica serovar Typhi str. CT18,gene_name:vexD,vf_name:Vi antigen,vf_accession:VF0101
VFG000425__vexC	1	0	.	.	genus:Salmonella,species:enterica,strain:subsp. enterica serovar Typhi str. CT18,gene_name:vexC,vf_name:Vi antigen,vf_accession:VF0101
VFG000426__ABC_2_type_transporter	1	0	.	.	genus:Salmonella,species:enterica,strain:subsp. enterica serovar Typhi str. CT18,gene_name:ABC-2 type transporter,vf_name:Vi antigen,vf_accession:VF0101
VFG000427__vexA	1	0	.	.	genus:Salmonella,species:enterica,strain:subsp. enterica serovar Typhi str. CT18,gene_name:vexA,vf_name:Vi antigen,vf_accession:VF0101
VFG000428__tviE	1	0	.	.	genus:Salmonella,species:enterica,strain:subsp. enterica serovar Typhi str. CT18,gene_name:tviE,vf_name:Vi antigen,vf_accession:VF0101
VFG000429__tviD	1	0	.	.	genus:Salmonella,species:enterica,strain:subsp. enterica serovar Typhi str. CT18,gene_name:tviD,vf_name:Vi antigen,vf_accession:VF0101
VFG000430__tviC	1	0	.	.	genus:Salmonella,species:enterica,strain:subsp. enterica serovar Typhi str. CT18,gene_name:tviC,vf_name:Vi antigen,vf_accession:VF0101
VFG000431__tviB	1	0	.	.	genus:Salmonella,species:enterica,strain:subsp. enterica serovar Typhi str. CT18,gene_name:tviB,vf_name:Vi antigen,vf_accession:VF0101
VFG000433__pefD	1	0	.	.	genus:Salmonella,species:enterica,strain:subsp. enterica serovar Typhimurium str. LT2,gene_name:pefD,vf_name:Pef,vf_accession:VF0104
VFG000434__pefC	1	0	.	.	genus:Salmonella,species:enterica,strain:subsp. enterica serovar Typhimurium str. LT2,gene_name:pefC,vf_name:Pef,vf_accession:VF0104
VFG000435__pefA	1	0	.	.	genus:Salmonella,species:enterica,strain:subsp. enterica serovar Typhimurium str. LT2,gene_name:pefA,vf_name:Pef,vf_accession:VF0104
VFG000436__pefB	1	0	.	.	genus:Salmonella,species:enterica,strain:subsp. enterica serovar Typhimurium str. LT2,gene_name:pefB,vf_name:Pef,vf_accession:VF0104
VFG000438__spvC	1	0	.	.	genus:Salmonella,species:enterica,strain:subsp. enterica serovar Typhimurium str. LT2,gene_name:spvC,vf_name:Spv,vf_accession:VF0107
VFG000439__spvB	1	0	.	.	genus:Salmonella,species:enterica,strain:subsp. enterica serovar Typhimurium str. LT2,gene_name:spvB,vf_name:Spv,vf_accession:VF0107
VFG000441__spvR	1	0	.	.	genus:Salmonella,species:enterica,strain:subsp. enterica serovar Typhimurium str. LT2,gene_name:spvR,vf_name:Spv,vf_accession:VF0107
VFG000442__rck	1	0	.	.	genus:Salmonella,species:enterica,strain:subsp. enterica serovar Typhimurium str. LT2,gene_name:rck,vf_name:Rck,vf_accession:VF0108
VFG000444__fimI	1	0	.	.	genus:Salmonella,species:enterica,strain:subsp. enterica serovar Typhimurium str. LT2,gene_name:fimI,vf_name:Type 1 fimbriae,vf_accession:VF0102
VFG000445__fimC	1	0	.	.	genus:Salmonella,species:enterica,strain:subsp. enterica serovar Typhimurium str. LT2,gene_name:fimC,vf_name:Type 1 fimbriae,vf_accession:VF0102
VFG000446__fimD	1	0	.	.	genus:Salmonella,species:enterica,strain:subsp. enterica serovar Typhimurium str. LT2,gene_name:fimD,vf_name:Type 1 fimbriae,vf_accession:VF0102
VFG000447__fimH	1	0	.	.	genus:Salmonella,species:enterica,strain:subsp. enterica serovar Typhimurium str. LT2,gene_name:fimH,vf_name:Type 1 fimbriae,vf_accession:VF0102
VFG000448__fimF	1	0	.	.	genus:Salmonella,species:enterica,strain:subsp. enterica serovar Typhimurium str. LT2,gene_name:fimF,vf_name:Type 1 fimbriae,vf_accession:VF0102
VFG000452__lpfE	1	0	.	.	genus:Salmonella,species:enterica,strain:subsp. enterica serovar Typhimurium str. LT2,gene_name:lpfE,vf_name:Lpf,vf_accession:VF0105
VFG000453__lpfD	1	0	.	.	genus:Salmonella,species:enterica,strain:subsp. enterica serovar Typhimurium str. LT2,gene_name:lpfD,vf_name:Lpf,vf_accession:VF0105
VFG000454__lpfC	1	0	.	.	genus:Salmonella,species:enterica,strain:subsp. enterica serovar Typhimurium str. LT2,gene_name:lpfC,vf_name:Lpf,vf_accession:VF0105
VFG000455__lpfB	1	0	.	.	genus:Salmonella,species:enterica,strain:subsp. enterica serovar Typhimurium str. LT2,gene_name:lpfB,vf_name:Lpf,vf_accession:VF0105
VFG000456__lpfA	1	0	.	.	genus:Salmonella,species:enterica,strain:subsp. enterica serovar Typhimurium str. LT2,gene_name:lpfA,vf_name:Lpf,vf_accession:VF0105
VFG000457__csgB	1	0	.	.	genus:Salmonella,species:enterica,strain:subsp. enterica serovar Typhimurium str. LT2,gene_name:csgB,vf_name:Agf,vf_accession:VF0103
VFG000458__csgA	1	0	.	.	genus:Salmonella,species:enterica,strain:subsp. enterica serovar Typhimurium str. LT2,gene_name:csgA,vf_name:Agf,vf_accession:VF0103
VFG000459__csgC	1	0	.	.	genus:Salmonella,species:enterica,strain:subsp. enterica serovar Typhimurium str. LT2,gene_name:csgC,vf_name:Agf,vf_accession:VF0103
VFG000460__csgE	1	0	.	.	genus:Salmonella,species:enterica,strain:subsp. enterica serovar Typhimurium str. LT2,gene_name:csgE,vf_name:Agf,vf_accession:VF0103
VFG000461__csgF	1	0	.	.	genus:Salmonella,species:enterica,strain:subsp. enterica serovar Typhimurium str. LT2,gene_name:csgF,vf_name:Agf,vf_accession:VF0103
VFG000462__csgG	1	0	.	.	genus:Salmonella,species:enterica,strain:subsp. enterica serovar Typhimurium str. LT2,gene_name:csgG,vf_name:Agf,vf_accession:VF0103
VFG000463__sodCI	1	0	.	.	genus:Salmonella,species:enterica,strain:subsp. enterica serovar Typhimurium str. LT2,gene_name:sodCI,vf_name:SodCI,vf_accession:VF0109
VFG000464__sopA	1	0	.	.	genus:Salmonella,species:enterica,strain:subsp. enterica serovar Typhimurium str. LT2,gene_name:sopA,vf_name:TTSS(SPI-1 encode),vf_accession:VF0116
VFG000465__sopB_sigD	1	0	.	.	genus:Salmonella,species:enterica,strain:subsp. enterica serovar Typhimurium str. LT2,gene_name:sopB/sigD,vf_name:TTSS(SPI-1 encode),vf_accession:VF0116
VFG000466__sopD	1	0	.	.	genus:Salmonella,species:enterica,strain:subsp. enterica serovar Typhimurium str. LT2,gene_name:sopD,vf_name:TTSS(SPI-1 encode),vf_accession:VF0116
VFG000467__sopE2	1	0	.	.	genus:Salmonella,species:enterica,strain:subsp. enterica serovar Typhimurium str. LT2,gene_name:sopE2,vf_name:TTSS(SPI-1 encode),vf_accession:VF0116
VFG000468__sspH2	1	0	.	.	genus:Salmonella,species:enterica,strain:subsp. enterica serovar Typhimurium str. LT2,gene_name:sspH2,vf_name:TTSS(SPI-2 encode),vf_accession:VF0321
VFG000469__slrP	1	0	.	.	genus:Salmonella,species:enterica,strain:subsp. enterica serovar Typhimurium str. LT2,gene_name:slrP,vf_name:TTSS(SPI-1 encode),vf_accession:VF0116
VFG000470__sifA	1	0	.	.	genus:Salmonella,species:enterica,strain:subsp. enterica serovar Typhimurium str. LT2,gene_name:sifA,vf_name:TTSS(SPI-2 encode),vf_accession:VF0321
VFG000471__sseJ	1	0	.	.	genus:Salmonella,species:enterica,strain:subsp. enterica serovar Typhimurium str. LT2,gene_name:sseJ,vf_name:TTSS(SPI-2 encode),vf_accession:VF0321
VFG000476__grvA	1	0	.	.	genus:Salmonella,species:enterica,strain:(serovar typhimurium),gene_name:grvA,vf_name:GrvA,vf_accession:VF0110
VFG000494__spiC_ssaB	1	0	.	.	genus:Salmonella,species:enterica,strain:subsp. enterica serovar Typhimurium str. LT2,gene_name:spiC/ssaB,vf_name:TTSS(SPI-2 encode),vf_accession:VF0321
VFG000495__ssaC	1	0	.	.	genus:Salmonella,species:enterica,strain:subsp. enterica serovar Typhimurium str. LT2,gene_name:ssaC,vf_name:TTSS(SPI-2 encode),vf_accession:VF0321
VFG000496__ssaD	1	0	.	.	genus:Salmonella,species:enterica,strain:subsp. enterica serovar Typhimurium str. LT2,gene_name:ssaD,vf_name:TTSS(SPI-2 encode),vf_accession:VF0321
VFG000497__ssaE	1	0	.	.	genus:Salmonella,species:enterica,strain:subsp. enterica serovar Typhimurium str. LT2,gene_name:ssaE,vf_name:TTSS(SPI-2 encode),vf_accession:VF0321
VFG000498__sseA	1	0	.	.	genus:Salmonella,species:enterica,strain:subsp. enterica serovar Typhimurium str. LT2,gene_name:sseA,vf_name:TTSS(SPI-2 encode),vf_accession:VF0321
VFG000499__sseB	1	0	.	.	genus:Salmonella,species:enterica,strain:subsp. enterica serovar Typhimurium str. LT2,gene_name:sseB,vf_name:TTSS(SPI-2 encode),vf_accession:VF0321
VFG000500__sscA	1	0	.	.	genus:Salmonella,species:enterica,strain:subsp. enterica serovar Typhimurium str. LT2,gene_name:sscA,vf_name:SPI-2 encoded T3SS,vf_accession:SS021
VFG000501__sseC	1	0	.	.	genus:Salmonella,species:enterica,strain:subsp. enterica serovar Typhimurium str. LT2,gene_name:sseC,vf_name:TTSS(SPI-2 encode),vf_accession:VF0321
VFG000502__sseD	1	0	.	.	genus:Salmonella,species:enterica,strain:subsp. enterica serovar Typhimurium str. LT2,gene_name:sseD,vf_name:TTSS(SPI-2 encode),vf_accession:VF0321
VFG000503__sseE	1	0	.	.	genus:Salmonella,species:enterica,strain:subsp. enterica serovar Typhimurium str. LT2,gene_name:sseE,vf_name:TTSS(SPI-2 encode),vf_accession:VF0321
VFG000504__sscB	1	0	.	.	genus:Salmonella,species:enterica,strain:subsp. enterica serovar Typhimurium str. LT2,gene_name:sscB,vf_name:SPI-2 encoded T3SS,vf_accession:SS021
VFG000505__sseF	1	0	.	.	genus:Salmonella,species:enterica,strain:subsp. enterica serovar Typhimurium str. LT2,gene_name:sseF,vf_name:TTSS(SPI-2 encode),vf_accession:VF0321
VFG000506__sseG	1	0	.	.	genus:Salmonella,species:enterica,strain:subsp. enterica serovar Typhimurium str. LT2,gene_name:sseG,vf_name:TTSS(SPI-2 encode),vf_accession:VF0321
VFG000507__ssaG	1	0	.	.	genus:Salmonella,species:enterica,strain:subsp. enterica serovar Typhimurium str. LT2,gene_name:ssaG,vf_name:TTSS(SPI-2 encode),vf_accession:VF0321
VFG000508__ssaH	1	0	.	.	genus:Salmonella,species:enterica,strain:subsp. enterica serovar Typhimurium str. LT2,gene_name:ssaH,vf_name:TTSS(SPI-2 encode),vf_accession:VF0321
VFG000509__ssaI	1	0	.	.	genus:Salmonella,species:enterica,strain:subsp. enterica serovar Typhimurium str. LT2,gene_name:ssaI,vf_name:TTSS(SPI-2 encode),vf_accession:VF0321
VFG000510__ssaJ	1	0	.	.	genus:Salmonella,species:enterica,strain:subsp. enterica serovar Typhimurium str. LT2,gene_name:ssaJ,vf_name:TTSS(SPI-2 encode),vf_accession:VF0321
VFG000511__ssaK	1	0	.	.	genus:Salmonella,species:enterica,strain:subsp. enterica serovar Typhimurium str. LT2,gene_name:ssaK,vf_name:TTSS(SPI-2 encode),vf_accession:VF0321
VFG000512__ssaL	1	0	.	.	genus:Salmonella,species:enterica,strain:subsp. enterica serovar Typhimurium str. LT2,gene_name:ssaL,vf_name:TTSS(SPI-2 encode),vf_accession:VF0321
VFG000513__ssaM	1	0	.	.	genus:Salmonella,species:enterica,strain:subsp. enterica serovar Typhimurium str. LT2,gene_name:ssaM,vf_name:TTSS(SPI-2 encode),vf_accession:VF0321
VFG000514__ssaV	1	0	.	.	genus:Salmonella,species:enterica,strain:subsp. enterica serovar Typhimurium str. LT2,gene_name:ssaV,vf_name:TTSS(SPI-2 encode),vf_accession:VF0321
VFG000515__ssaN	1	0	.	.	genus:Salmonella,species:enterica,strain:subsp. enterica serovar Typhimurium str. LT2,gene_name:ssaN,vf_name:TTSS(SPI-2 encode),vf_accession:VF0321
VFG000516__ssaO	1	0	.	.	genus:Salmonella,species:enterica,strain:subsp. enterica serovar Typhimurium str. LT2,gene_name:ssaO,vf_name:TTSS(SPI-2 encode),vf_accession:VF0321
VFG000517__ssaP	1	0	.	.	genus:Salmonella,species:enterica,strain:subsp. enterica serovar Typhimurium str. LT2,gene_name:ssaP,vf_name:TTSS(SPI-2 encode),vf_accession:VF0321
VFG000518__ssaQ	1	0	.	.	genus:Salmonella,species:enterica,strain:subsp. enterica serovar Typhimurium str. LT2,gene_name:ssaQ,vf_name:TTSS(SPI-2 encode),vf_accession:VF0321
VFG000519__ssaR	1	0	.	.	genus:Salmonella,species:enterica,strain:subsp. enterica serovar Typhimurium str. LT2,gene_name:ssaR,vf_name:TTSS(SPI-2 encode),vf_accession:VF0321
VFG000520__ssaS	1	0	.	.	genus:Salmonella,species:enterica,strain:subsp. enterica serovar Typhimurium str. LT2,gene_name:ssaS,vf_name:TTSS(SPI-2 encode),vf_accession:VF0321
VFG000521__ssaT	1	0	.	.	genus:Salmonella,species:enterica,strain:subsp. enterica serovar Typhimurium str. LT2,gene_name:ssaT,vf_name:TTSS(SPI-2 encode),vf_accession:VF0321
VFG000522__ssaU	1	0	.	.	genus:Salmonella,species:enterica,strain:subsp. enterica serovar Typhimurium str. LT2,gene_name:ssaU,vf_name:TTSS(SPI-2 encode),vf_accession:VF0321
VFG000529__avrA	1	0	.	.	genus:Salmonella,species:enterica,strain:subsp. enterica serovar Typhimurium str. LT2,gene_name:avrA,vf_name:TTSS(SPI-1 encode),vf_accession:VF0116
VFG000532__orgB	1	0	.	.	genus:Salmonella,species:enterica,strain:subsp. enterica serovar Typhimurium str. LT2,gene_name:orgB,vf_name:TTSS(SPI-1 encode),vf_accession:VF0116
VFG000533__prgK	1	0	.	.	genus:Salmonella,species:enterica,strain:subsp. enterica serovar Typhimurium str. LT2,gene_name:prgK,vf_name:TTSS(SPI-1 encode),vf_accession:VF0116
VFG000534__prgJ	1	0	.	.	genus:Salmonella,species:enterica,strain:subsp. enterica serovar Typhimurium str. LT2,gene_name:prgJ,vf_name:TTSS(SPI-1 encode),vf_accession:VF0116
VFG000535__prgI	1	0	.	.	genus:Salmonella,species:enterica,strain:subsp. enterica serovar Typhimurium str. LT2,gene_name:prgI,vf_name:TTSS(SPI-1 encode),vf_accession:VF0116
VFG000536__prgH	1	0	.	.	genus:Salmonella,species:enterica,strain:subsp. enterica serovar Typhimurium str. LT2,gene_name:prgH,vf_name:TTSS(SPI-1 encode),vf_accession:VF0116
VFG000540__sptP	1	0	.	.	genus:Salmonella,species:enterica,strain:subsp. enterica serovar Typhimurium str. LT2,gene_name:sptP,vf_name:TTSS(SPI-1 encode),vf_accession:VF0116
VFG000541__sicP	1	0	.	.	genus:Salmonella,species:enterica,strain:subsp. enterica serovar Typhimurium str. LT2,gene_name:sicP,vf_name:TTSS(SPI-1 encode),vf_accession:VF0116
VFG000543__sipA_sspA	1	0	.	.	genus:Salmonella,species:enterica,strain:subsp. enterica serovar Typhimurium str. LT2,gene_name:sipA/sspA,vf_name:TTSS(SPI-1 encode),vf_accession:VF0116
VFG000544__sipD	1	0	.	.	genus:Salmonella,species:enterica,strain:subsp. enterica serovar Typhimurium str. LT2,gene_name:sipD,vf_name:TTSS(SPI-1 encode),vf_accession:VF0116
VFG000545__sipC_sspC	1	0	.	.	genus:Salmonella,species:enterica,strain:subsp. enterica serovar Typhimurium str. LT2,gene_name:sipC/sspC,vf_name:TTSS(SPI-1 encode),vf_accession:VF0116
VFG000546__sipB_sspB	1	0	.	.	genus:Salmonella,species:enterica,strain:subsp. enterica serovar Typhimurium str. LT2,gene_name:sipB/sspB,vf_name:TTSS(SPI-1 encode),vf_accession:VF0116
VFG000547__sicA	1	0	.	.	genus:Salmonella,species:enterica,strain:subsp. enterica serovar Typhimurium str. LT2,gene_name:sicA,vf_name:TTSS(SPI-1 encode),vf_accession:VF0116
VFG000548__spaS	1	0	.	.	genus:Salmonella,species:enterica,strain:subsp. enterica serovar Typhimurium str. LT2,gene_name:spaS,vf_name:TTSS(SPI-1 encode),vf_accession:VF0116
VFG000549__spaR	1	0	.	.	genus:Salmonella,species:enterica,strain:subsp. enterica serovar Typhimurium str. LT2,gene_name:spaR,vf_name:TTSS(SPI-1 encode),vf_accession:VF0116
VFG000550__spaQ	1	0	.	.	genus:Salmonella,species:enterica,strain:subsp. enterica serovar Typhimurium str. LT2,gene_name:spaQ,vf_name:TTSS(SPI-1 encode),vf_accession:VF0116
VFG000551__spaP	1	0	.	.	genus:Salmonella,species:enterica,strain:subsp. enterica serovar Typhimurium str. LT2,gene_name:spaP,vf_name:TTSS(SPI-1 encode),vf_accession:VF0116
VFG000552__spaO	1	0	.	.	genus:Salmonella,species:enterica,strain:subsp. enterica serovar Typhimurium str. LT2,gene_name:spaO,vf_name:TTSS(SPI-1 encode),vf_accession:VF0116
VFG000553__invJ	1	0	.	.	genus:Salmonella,species:enterica,strain:subsp. enterica serovar Typhimurium str. LT2,gene_name:invJ,vf_name:TTSS(SPI-1 encode),vf_accession:VF0116
VFG000554__invI	1	0	.	.	genus:Salmonella,species:enterica,strain:subsp. enterica serovar Typhimurium str. LT2,gene_name:invI,vf_name:TTSS(SPI-1 encode),vf_accession:VF0116
VFG000555__invC	1	0	.	.	genus:Salmonella,species:enterica,strain:subsp. enterica serovar Typhimurium str. LT2,gene_name:invC,vf_name:TTSS(SPI-1 encode),vf_accession:VF0116
VFG000556__invB	1	0	.	.	genus:Salmonella,species:enterica,strain:subsp. enterica serovar Typhimurium str. LT2,gene_name:invB,vf_name:TTSS(SPI-1 encode),vf_accession:VF0116
VFG000557__invA	1	0	.	.	genus:Salmonella,species:enterica,strain:subsp. enterica serovar Typhimurium str. LT2,gene_name:invA,vf_name:TTSS(SPI-1 encode),vf_accession:VF0116
VFG000558__invE	1	0	.	.	genus:Salmonella,species:enterica,strain:subsp. enterica serovar Typhimurium str. LT2,gene_name:invE,vf_name:TTSS(SPI-1 encode),vf_accession:VF0116
VFG000559__invG	1	0	.	.	genus:Salmonella,species:enterica,strain:subsp. enterica serovar Typhimurium str. LT2,gene_name:invG,vf_name:TTSS(SPI-1 encode),vf_accession:VF0116
VFG000560__invF	1	0	.	.	genus:Salmonella,species:enterica,strain:subsp. enterica serovar Typhimurium str. LT2,gene_name:invF,vf_name:TTSS(SPI-1 encode),vf_accession:VF0116
VFG000561__invH	1	0	.	.	genus:Salmonella,species:enterica,strain:subsp. enterica serovar Typhimurium str. LT2,gene_name:invH,vf_name:TTSS(SPI-1 encode),vf_accession:VF0116
VFG000574__mgtB	1	0	.	.	genus:Salmonella,species:enterica,strain:subsp. enterica serovar Typhimurium str. LT2,gene_name:mgtB,vf_name:MgtBC,vf_accession:VF0106
VFG000575__mgtC	1	0	.	.	genus:Salmonella,species:enterica,strain:subsp. enterica serovar Typhimurium str. LT2,gene_name:mgtC,vf_name:MgtBC,vf_accession:VF0106
VFG000589__pipB	1	0	.	.	genus:Salmonella,species:enterica,strain:subsp. enterica serovar Typhimurium str. LT2,gene_name:pipB,vf_name:SPI-2 encoded T3SS,vf_accession:SS021
VFG000615__iucA	1	0	.	.	genus:Shigella,species:flexneri,strain:2a str. 301,gene_name:iucA,vf_name:Aerobactin,vf_accession:VF0123
VFG000616__iucB	1	0	.	.	genus:Shigella,species:flexneri,strain:2a str. 301,gene_name:iucB,vf_name:Aerobactin,vf_accession:VF0123
VFG000617__iucC	1	0	.	.	genus:Shigella,species:flexneri,strain:2a str. 301,gene_name:iucC,vf_name:Aerobactin,vf_accession:VF0123
VFG000618__iucD	1	0	.	.	genus:Shigella,species:flexneri,strain:2a str. 301,gene_name:iucD,vf_name:Aerobactin,vf_accession:VF0123
VFG000619__iutA	1	0	.	.	genus:Shigella,species:flexneri,strain:2a str. 301,gene_name:iutA,vf_name:Aerobactin,vf_accession:VF0123
VFG000630__sigA	1	0	.	.	genus:Shigella,species:flexneri,strain:2a str. 301,gene_name:sigA,vf_name:SigA,vf_accession:VF0119
VFG000635__pic	1	0	.	.	genus:Shigella,species:flexneri,strain:2a str. 301,gene_name:pic,vf_name:Pic,vf_accession:VF0120
VFG000636__set1B	1	0	.	.	genus:Shigella,species:flexneri,strain:2a str. 301,gene_name:set1B,vf_name:ShET1,vf_accession:VF0125
VFG000637__set1A	1	0	.	.	genus:Shigella,species:flexneri,strain:2a str. 301,gene_name:set1A,vf_name:ShET1,vf_accession:VF0125
VFG000667__icsA_virG	1	0	.	.	genus:Shigella,species:flexneri,strain:2a str. 301,gene_name:icsA/virG,vf_name:IcsA (VirG),vf_accession:VF0121
VFG000669__gtrA	1	0	.	.	genus:Shigella,species:flexneri,strain:2a str. 301,gene_name:gtrA,vf_name:LPS,vf_accession:VF0124
VFG000670__gtrB	1	0	.	.	genus:Shigella,species:flexneri,strain:2a str. 301,gene_name:gtrB,vf_name:LPS,vf_accession:VF0124
VFG000671__gtrII	1	0	.	.	genus:Shigella,species:flexneri,strain:2a str. 301,gene_name:gtrII,vf_name:LPS,vf_accession:VF0124
VFG000739__eae	1	0	.	.	genus:Escherichia,species:coli,strain:O127:H6 str. E2348/69,gene_name:eae,vf_name:Intimin,vf_accession:VF0177
VFG000743__espD	1	0	.	.	genus:Escherichia,species:coli,strain:O127:H6 str. E2348/69,gene_name:espD,vf_name:EspD,vf_accession:VF0180
VFG000744__espB	1	0	.	.	genus:Escherichia,species:coli,strain:O127:H6 str. E2348/69,gene_name:espB,vf_name:EspB,vf_accession:VF0179
VFG000748__espF	1	0	.	.	genus:Escherichia,species:coli,strain:O127:H6 str. E2348/69,gene_name:espF,vf_name:EspF,vf_accession:VF0182
VFG000749__bfpA	1	0	.	.	genus:Escherichia,species:coli,strain:B171,gene_name:bfpA,vf_name:BFP,vf_accession:VF0174
VFG000750__bfpG	1	0	.	.	genus:Escherichia,species:coli,strain:O127:H6 str. E2348/69,gene_name:bfpG,vf_name:BFP,vf_accession:VF0174
VFG000751__bfpB	1	0	.	.	genus:Escherichia,species:coli,strain:O127:H6 str. E2348/69,gene_name:bfpB,vf_name:BFP,vf_accession:VF0174
VFG000752__bfpC	1	0	.	.	genus:Escherichia,species:coli,strain:O127:H6 str. E2348/69,gene_name:bfpC,vf_name:BFP,vf_accession:VF0174
VFG000753__bfpU	1	0	.	.	genus:Escherichia,species:coli,strain:B171,gene_name:bfpU,vf_name:BFP,vf_accession:VF0174
VFG000754__bfpD	1	0	.	.	genus:Escherichia,species:coli,strain:B171,gene_name:bfpD,vf_name:BFP,vf_accession:VF0174
VFG000755__bfpE	1	0	.	.	genus:Escherichia,species:coli,strain:O127:H6 str. E2348/69,gene_name:bfpE,vf_name:BFP,vf_accession:VF0174
VFG000756__bfpF	1	0	.	.	genus:Escherichia,species:coli,strain:B171,gene_name:bfpF,vf_name:BFP,vf_accession:VF0174
VFG000757__bfpP	1	0	.	.	genus:Escherichia,species:coli,strain:O127:H6 str. E2348/69,gene_name:bfpP,vf_name:BFP,vf_accession:VF0174
VFG000758__bfpH	1	0	.	.	genus:Escherichia,species:coli,strain:B171,gene_name:bfpH,vf_name:BFP,vf_accession:VF0174
VFG000759__bfpI	1	0	.	.	genus:Escherichia,species:coli,strain:B171,gene_name:bfpI,vf_name:BFP,vf_accession:VF0174
VFG000760__bfpJ	1	0	.	.	genus:Escherichia,species:coli,strain:O127:H6 str. E2348/69,gene_name:bfpJ,vf_name:BFP,vf_accession:VF0174
VFG000761__bfpK	1	0	.	.	genus:Escherichia,species:coli,strain:B171,gene_name:bfpK,vf_name:BFP,vf_accession:VF0174
VFG000762__bfpL	1	0	.	.	genus:Escherichia,species:coli,strain:O127:H6 str. E2348/69,gene_name:bfpL,vf_name:BFP,vf_accession:VF0174
VFG000772__espC	1	0	.	.	genus:Escherichia,species:coli,strain:O127:H6 str. E2348/69,gene_name:espC,vf_name:EspC,vf_accession:VF0173
VFG000794__espF	1	0	.	.	genus:Escherichia,species:coli,strain:O157:H7 str. EDL933,gene_name:espF,vf_name:EspF,vf_accession:VF0196
VFG000795__escG	1	0	.	.	genus:Escherichia,species:coli,strain:O157:H7 str. EDL933,gene_name:escG,vf_name:LEE encoded T3SS,vf_accession:SS020
VFG000796__escF	1	0	.	.	genus:Escherichia,species:coli,strain:O157:H7 str. EDL933,gene_name:escF,vf_name:TTSS,vf_accession:VF0191
VFG000797__cesD2	1	0	.	.	genus:Escherichia,species:coli,strain:O157:H7 str. EDL933,gene_name:cesD2,vf_name:LEE encoded T3SS,vf_accession:SS020
VFG000799__espD	1	0	.	.	genus:Escherichia,species:coli,strain:O157:H7 str. EDL933,gene_name:espD,vf_name:EspD,vf_accession:VF0200
VFG000800__espA	1	0	.	.	genus:Escherichia,species:coli,strain:O157:H7 str. EDL933,gene_name:espA,vf_name:EspA,vf_accession:VF0198
VFG000801__sepL	1	0	.	.	genus:Escherichia,species:coli,strain:O157:H7 str. EDL933,gene_name:sepL,vf_name:TTSS,vf_accession:VF0191
VFG000802__escD	1	0	.	.	genus:Escherichia,species:coli,strain:O157:H7 str. EDL933,gene_name:escD,vf_name:TTSS,vf_accession:VF0191
VFG000804__cesT	1	0	.	.	genus:Escherichia,species:coli,strain:O157:H7 str. EDL933,gene_name:cesT,vf_name:LEE encoded T3SS,vf_accession:SS020
VFG000805__tir	1	0	.	.	genus:Escherichia,species:coli,strain:O157:H7 str. EDL933,gene_name:tir,vf_name:Tir,vf_accession:VF0193
VFG000806__map	1	0	.	.	genus:Escherichia,species:coli,strain:O157:H7 str. EDL933,gene_name:map,vf_name:Map,vf_accession:VF0195
VFG000807__cesF	1	0	.	.	genus:Escherichia,species:coli,strain:O157:H7 str. EDL933,gene_name:cesF,vf_name:TTSS,vf_accession:VF0191
VFG000808__espH	1	0	.	.	genus:Escherichia,species:coli,strain:O157:H7 str. EDL933,gene_name:espH,vf_name:EspH,vf_accession:VF0197
VFG000809__sepQ_escQ	1	0	.	.	genus:Escherichia,species:coli,strain:O157:H7 str. EDL933,gene_name:sepQ/escQ,vf_name:TTSS,vf_accession:VF0191
VFG000810__escP	1	0	.	.	genus:Escherichia,species:coli,strain:O157:H7 str. EDL933,gene_name:escP,vf_name:LEE encoded T3SS,vf_accession:SS020
VFG000811__escO	1	0	.	.	genus:Escherichia,species:coli,strain:O157:H7 str. EDL933,gene_name:escO,vf_name:LEE encoded T3SS,vf_accession:SS020
VFG000812__escN	1	0	.	.	genus:Escherichia,species:coli,strain:O157:H7 str. EDL933,gene_name:escN,vf_name:TTSS,vf_accession:VF0191
VFG000813__escV	1	0	.	.	genus:Escherichia,species:coli,strain:O157:H7 str. EDL933,gene_name:escV,vf_name:TTSS,vf_accession:VF0191
VFG000814__cesL	1	0	.	.	genus:Escherichia,species:coli,strain:O157:H7 str. EDL933,gene_name:cesL,vf_name:LEE encoded T3SS,vf_accession:SS020
VFG000815__sepZ_espZ	1	0	.	.	genus:Escherichia,species:coli,strain:O157:H7 str. EDL933,gene_name:sepZ/espZ,vf_name:TTSS,vf_accession:VF0191
VFG000816__escI	1	0	.	.	genus:Escherichia,species:coli,strain:O157:H7 str. EDL933,gene_name:escI,vf_name:LEE encoded T3SS,vf_accession:SS020
VFG000817__escJ	1	0	.	.	genus:Escherichia,species:coli,strain:O157:H7 str. EDL933,gene_name:escJ,vf_name:TTSS,vf_accession:VF0191
VFG000818__sepD	1	0	.	.	genus:Escherichia,species:coli,strain:O157:H7 str. EDL933,gene_name:sepD,vf_name:LEE encoded T3SS,vf_accession:SS020
VFG000819__escC	1	0	.	.	genus:Escherichia,species:coli,strain:O157:H7 str. EDL933,gene_name:escC,vf_name:TTSS,vf_accession:VF0191
VFG000820__cesD	1	0	.	.	genus:Escherichia,species:coli,strain:O157:H7 str. EDL933,gene_name:cesD,vf_name:TTSS,vf_accession:VF0191
VFG000823__etgA	1	0	.	.	genus:Escherichia,species:coli,strain:O157:H7 str. EDL933,gene_name:etgA,vf_name:LEE encoded T3SS,vf_accession:SS020
VFG000824__escU	1	0	.	.	genus:Escherichia,species:coli,strain:O157:H7 str. EDL933,gene_name:escU,vf_name:TTSS,vf_accession:VF0191
VFG000825__escT	1	0	.	.	genus:Escherichia,species:coli,strain:O157:H7 str. EDL933,gene_name:escT,vf_name:TTSS,vf_accession:VF0191
VFG000826__escS	1	0	.	.	genus:Escherichia,species:coli,strain:O157:H7 str. EDL933,gene_name:escS,vf_name:TTSS,vf_accession:VF0191
VFG000827__escR	1	0	.	.	genus:Escherichia,species:coli,strain:O157:H7 str. EDL933,gene_name:escR,vf_name:TTSS,vf_accession:VF0191
VFG000828__escL	1	0	.	.	genus:Escherichia,species:coli,strain:O157:H7 str. EDL933,gene_name:escL,vf_name:LEE encoded T3SS,vf_accession:SS020
VFG000830__cesAB	1	0	.	.	genus:Escherichia,species:coli,strain:O157:H7 str. EDL933,gene_name:cesAB,vf_name:LEE encoded T3SS,vf_accession:SS020
VFG000831__escE	1	0	.	.	genus:Escherichia,species:coli,strain:O157:H7 str. EDL933,gene_name:escE,vf_name:LEE encoded T3SS,vf_accession:SS020
VFG000833__espG	1	0	.	.	genus:Escherichia,species:coli,strain:O157:H7 str. EDL933,gene_name:espG,vf_name:EspG,vf_accession:VF0201
VFG000835__stx1A	1	0	.	.	genus:Escherichia,species:coli,strain:O157:H7 str. EDL933,gene_name:stx1A,vf_name:Stx,vf_accession:VF0206
VFG000836__stx1B	1	0	.	.	genus:Escherichia,species:coli,strain:O157:H7 str. EDL933,gene_name:stx1B,vf_name:Stx,vf_accession:VF0206
VFG000837__stx2A	1	0	.	.	genus:Escherichia,species:coli,strain:O157:H7 str. EDL933,gene_name:stx2A,vf_name:Stx,vf_accession:VF0206
VFG000838__stx2B	1	0	.	.	genus:Escherichia,species:coli,strain:O157:H7 str. EDL933,gene_name:stx2B,vf_name:Stx,vf_accession:VF0206
VFG000839__paa	1	0	.	.	genus:Escherichia,species:coli,strain:O157:H7 str. EDL933,gene_name:paa,vf_name:Paa,vf_accession:VF0194
VFG000840__hlyA	1	0	.	.	genus:Escherichia,species:coli,strain:O157:H7 str. EDL933,gene_name:hlyA,vf_name:Hemolysin,vf_accession:VF0207
VFG000841__hlyB	1	0	.	.	genus:Escherichia,species:coli,strain:O157:H7 str. EDL933,gene_name:hlyB,vf_name:Hemolysin,vf_accession:VF0207
VFG000842__hlyC	1	0	.	.	genus:Escherichia,species:coli,strain:O157:H7 str. EDL933,gene_name:hlyC,vf_name:Hemolysin,vf_accession:VF0207
VFG000843__hlyD	1	0	.	.	genus:Escherichia,species:coli,strain:O157:H7 str. EDL933,gene_name:hlyD,vf_name:Hemolysin,vf_accession:VF0207
VFG000844__espP	1	0	.	.	genus:Escherichia,species:coli,strain:O157:H7 str. EDL933,gene_name:espP,vf_name:EspP,vf_accession:VF0208
VFG000845__toxB	1	0	.	.	genus:Escherichia,species:coli,strain:O157:H7 str. EDL933,gene_name:toxB,vf_name:ToxB,vf_accession:VF0203
VFG000846__stcE	1	0	.	.	genus:Escherichia,species:coli,strain:O157:H7 str. EDL933,gene_name:stcE,vf_name:StcE,vf_accession:VF0209
VFG000847__aggA	1	0	.	.	genus:Escherichia,species:coli,strain:17-2,gene_name:aggA,vf_name:AAFs,vf_accession:VF0214
VFG000848__aggB	1	0	.	.	genus:Escherichia,species:coli,strain:17-2,gene_name:aggB,vf_name:AAFs,vf_accession:VF0214
VFG000849__aggC	1	0	.	.	genus:Escherichia,species:coli,strain:17-2,gene_name:aggC,vf_name:AAFs,vf_accession:VF0214
VFG000850__aggD	1	0	.	.	genus:Escherichia,species:coli,strain:17-2,gene_name:aggD,vf_name:AAFs,vf_accession:VF0214
VFG000851__aafA	1	0	.	.	genus:Escherichia,species:coli,strain:str. 042,gene_name:aafA,vf_name:AAFs,vf_accession:VF0214
VFG000852__aafD	1	0	.	.	genus:Escherichia,species:coli,strain:str. 042,gene_name:aafD,vf_name:AAFs,vf_accession:VF0214
VFG000853__aafC	1	0	.	.	genus:Escherichia,species:coli,strain:str. 042,gene_name:aafC,vf_name:AAFs,vf_accession:VF0214
VFG000854__aafB	1	0	.	.	genus:Escherichia,species:coli,strain:str. 042,gene_name:aafB,vf_name:AAFs,vf_accession:VF0214
VFG000855__agg3A	1	0	.	.	genus:Escherichia,species:coli,strain:55989,gene_name:agg3A,vf_name:AAFs,vf_accession:VF0214
VFG000856__agg3B	1	0	.	.	genus:Escherichia,species:coli,strain:55989,gene_name:agg3B,vf_name:AAFs,vf_accession:VF0214
VFG000857__agg3C	1	0	.	.	genus:Escherichia,species:coli,strain:55989,gene_name:agg3C,vf_name:AAFs,vf_accession:VF0214
VFG000858__agg3D	1	0	.	.	genus:Escherichia,species:coli,strain:55989,gene_name:agg3D,vf_name:AAFs,vf_accession:VF0214
VFG000859__set1A	1	0	.	.	genus:Escherichia,species:coli,strain:O44:H18 042,gene_name:set1A,vf_name:ShET1,vf_accession:VF0219
VFG000860__set1B	1	0	.	.	genus:Escherichia,species:coli,strain:O44:H18 042,gene_name:set1B,vf_name:ShET1,vf_accession:VF0219
VFG000861__pic	1	0	.	.	genus:Escherichia,species:coli,strain:O44:H18 042,gene_name:pic,vf_name:Pic,vf_accession:VF0218
VFG000862__pet	1	0	.	.	genus:Escherichia,species:coli,strain:O44:H18 042,gene_name:pet,vf_name:Pet,vf_accession:VF0217
VFG000863__astA	1	0	.	.	genus:Escherichia,species:coli,strain:O44:H18 042,gene_name:astA,vf_name:EAST1,vf_accession:VF0216
VFG000865__aap_aspU	1	0	.	.	genus:Escherichia,species:coli,strain:O44:H18 042,gene_name:aap/aspU,vf_name:Dispersin,vf_accession:VF0215
VFG000871__fimB	1	0	.	.	genus:Escherichia,species:coli,strain:CFT073,gene_name:fimB,vf_name:Type 1 fimbriae,vf_accession:VF0221
VFG000872__fimE	1	0	.	.	genus:Escherichia,species:coli,strain:CFT073,gene_name:fimE,vf_name:Type 1 fimbriae,vf_accession:VF0221
VFG000873__fimA	1	0	.	.	genus:Escherichia,species:coli,strain:CFT073,gene_name:fimA,vf_name:Type 1 fimbriae,vf_accession:VF0221
VFG000874__fimI	1	0	.	.	genus:Escherichia,species:coli,strain:CFT073,gene_name:fimI,vf_name:Type 1 fimbriae,vf_accession:VF0221
VFG000875__fimC	1	0	.	.	genus:Escherichia,species:coli,strain:CFT073,gene_name:fimC,vf_name:Type 1 fimbriae,vf_accession:VF0221
VFG000876__fimD	1	0	.	.	genus:Escherichia,species:coli,strain:CFT073,gene_name:fimD,vf_name:Type 1 fimbriae,vf_accession:VF0221
VFG000877__fimF	1	0	.	.	genus:Escherichia,species:coli,strain:CFT073,gene_name:fimF,vf_name:Type 1 fimbriae,vf_accession:VF0221
VFG000878__fimG	1	0	.	.	genus:Escherichia,species:coli,strain:CFT073,gene_name:fimG,vf_name:Type 1 fimbriae,vf_accession:VF0221
VFG000879__fimH	1	0	.	.	genus:Escherichia,species:coli,strain:CFT073,gene_name:fimH,vf_name:Type 1 fimbriae,vf_accession:VF0221
VFG000880__papB	1	0	.	.	genus:Escherichia,species:coli,strain:CFT073,gene_name:papB,vf_name:P fimbriae,vf_accession:VF0220
VFG000882__papA	1	0	.	.	genus:Escherichia,species:coli,strain:CFT073,gene_name:papA,vf_name:P fimbriae,vf_accession:VF0220
VFG000883__papH	1	0	.	.	genus:Escherichia,species:coli,strain:CFT073,gene_name:papH,vf_name:P fimbriae,vf_accession:VF0220
VFG000884__papC	1	0	.	.	genus:Escherichia,species:coli,strain:CFT073,gene_name:papC,vf_name:P fimbriae,vf_accession:VF0220
VFG000885__papD	1	0	.	.	genus:Escherichia,species:coli,strain:CFT073,gene_name:papD,vf_name:P fimbriae,vf_accession:VF0220
VFG000886__papJ	1	0	.	.	genus:Escherichia,species:coli,strain:CFT073,gene_name:papJ,vf_name:P fimbriae,vf_accession:VF0220
VFG000887__papK	1	0	.	.	genus:Escherichia,species:coli,strain:CFT073,gene_name:papK,vf_name:P fimbriae,vf_accession:VF0220
VFG000888__papE	1	0	.	.	genus:Escherichia,species:coli,strain:CFT073,gene_name:papE,vf_name:P fimbriae,vf_accession:VF0220
VFG000889__papF	1	0	.	.	genus:Escherichia,species:coli,strain:CFT073,gene_name:papF,vf_name:P fimbriae,vf_accession:VF0220
VFG000890__papG	1	0	.	.	genus:Escherichia,species:coli,strain:CFT073,gene_name:papG,vf_name:P fimbriae,vf_accession:VF0220
VFG000902__sat	1	0	.	.	genus:Escherichia,species:coli,strain:CFT073,gene_name:sat,vf_name:Sat,vf_accession:VF0231
VFG000903__pic	1	0	.	.	genus:Escherichia,species:coli,strain:CFT073,gene_name:pic,vf_name:Pic,vf_accession:VF0232
VFG000904__vat	1	0	.	.	genus:Escherichia,species:coli,strain:CFT073,gene_name:vat,vf_name:Tsh,vf_accession:VF0233
VFG000905__hlyC	1	0	.	.	genus:Escherichia,species:coli,strain:CFT073,gene_name:hlyC,vf_name:Hemolysin,vf_accession:VF0225
VFG000906__hlyA	1	0	.	.	genus:Escherichia,species:coli,strain:CFT073,gene_name:hlyA,vf_name:Hemolysin,vf_accession:VF0225
VFG000907__hlyB	1	0	.	.	genus:Escherichia,species:coli,strain:CFT073,gene_name:hlyB,vf_name:Hemolysin,vf_accession:VF0225
VFG000908__hlyD	1	0	.	.	genus:Escherichia,species:coli,strain:CFT073,gene_name:hlyD,vf_name:Hemolysin,vf_accession:VF0225
VFG000909__focA	1	0	.	.	genus:Escherichia,species:coli,strain:CFT073,gene_name:focA,vf_name:F1C fimbriae,vf_accession:VF0224
VFG000910__focI	1	0	.	.	genus:Escherichia,species:coli,strain:CFT073,gene_name:focI,vf_name:F1C fimbriae,vf_accession:VF0224
VFG000911__focC	1	0	.	.	genus:Escherichia,species:coli,strain:CFT073,gene_name:focC,vf_name:F1C fimbriae,vf_accession:VF0224
VFG000912__focD	1	0	.	.	genus:Escherichia,species:coli,strain:CFT073,gene_name:focD,vf_name:F1C fimbriae,vf_accession:VF0224
VFG000913__focF	1	0	.	.	genus:Escherichia,species:coli,strain:CFT073,gene_name:focF,vf_name:F1C fimbriae,vf_accession:VF0224
VFG000914__focG	1	0	.	.	genus:Escherichia,species:coli,strain:CFT073,gene_name:focG,vf_name:F1C fimbriae,vf_accession:VF0224
VFG000915__focH	1	0	.	.	genus:Escherichia,species:coli,strain:CFT073,gene_name:focH,vf_name:F1C fimbriae,vf_accession:VF0224
VFG000916__chuS	1	0	.	.	genus:Escherichia,species:coli,strain:CFT073,gene_name:chuS,vf_name:Chu,vf_accession:VF0227
VFG000917__chuA	1	0	.	.	genus:Escherichia,species:coli,strain:CFT073,gene_name:chuA,vf_name:Chu,vf_accession:VF0227
VFG000918__chuT	1	0	.	.	genus:Escherichia,species:coli,strain:CFT073,gene_name:chuT,vf_name:Chu,vf_accession:VF0227
VFG000919__chuW	1	0	.	.	genus:Escherichia,species:coli,strain:CFT073,gene_name:chuW,vf_name:Chu,vf_accession:VF0227
VFG000920__chuX	1	0	.	.	genus:Escherichia,species:coli,strain:CFT073,gene_name:chuX,vf_name:Chu,vf_accession:VF0227
VFG000921__chuY	1	0	.	.	genus:Escherichia,species:coli,strain:CFT073,gene_name:chuY,vf_name:Chu,vf_accession:VF0227
VFG000922__chuU	1	0	.	.	genus:Escherichia,species:coli,strain:CFT073,gene_name:chuU,vf_name:Chu,vf_accession:VF0227
VFG000923__fepA	1	0	.	.	genus:Escherichia,species:coli,strain:CFT073,gene_name:fepA,vf_name:Enterobactin,vf_accession:VF0228
VFG000924__fepB	1	0	.	.	genus:Escherichia,species:coli,strain:CFT073,gene_name:fepB,vf_name:Enterobactin,vf_accession:VF0228
VFG000925__fepC	1	0	.	.	genus:Escherichia,species:coli,strain:CFT073,gene_name:fepC,vf_name:Enterobactin,vf_accession:VF0228
VFG000926__fepD	1	0	.	.	genus:Escherichia,species:coli,strain:CFT073,gene_name:fepD,vf_name:Enterobactin,vf_accession:VF0228
VFG000928__fepG	1	0	.	.	genus:Escherichia,species:coli,strain:CFT073,gene_name:fepG,vf_name:Enterobactin,vf_accession:VF0228
VFG000929__entD	1	0	.	.	genus:Escherichia,species:coli,strain:CFT073,gene_name:entD,vf_name:Enterobactin,vf_accession:VF0228
VFG000930__entF	1	0	.	.	genus:Escherichia,species:coli,strain:CFT073,gene_name:entF,vf_name:Enterobactin,vf_accession:VF0228
VFG000931__entC	1	0	.	.	genus:Escherichia,species:coli,strain:CFT073,gene_name:entC,vf_name:Enterobactin,vf_accession:VF0228
VFG000932__entE	1	0	.	.	genus:Escherichia,species:coli,strain:CFT073,gene_name:entE,vf_name:Enterobactin,vf_accession:VF0228
VFG000933__entB	1	0	.	.	genus:Escherichia,species:coli,strain:CFT073,gene_name:entB,vf_name:Enterobactin,vf_accession:VF0228
VFG000934__entA	1	0	.	.	genus:Escherichia,species:coli,strain:CFT073,gene_name:entA,vf_name:Enterobactin,vf_accession:VF0228
VFG000935__iroN	1	0	.	.	genus:Escherichia,species:coli,strain:CFT073,gene_name:iroN,vf_name:IroN,vf_accession:VF0230
VFG000936__iutA	1	0	.	.	genus:Escherichia,species:coli,strain:CFT073,gene_name:iutA,vf_name:Aerobactin,vf_accession:VF0229
VFG000937__iucD	1	0	.	.	genus:Escherichia,species:coli,strain:CFT073,gene_name:iucD,vf_name:Aerobactin,vf_accession:VF0229
VFG000938__iucC	1	0	.	.	genus:Escherichia,species:coli,strain:CFT073,gene_name:iucC,vf_name:Aerobactin,vf_accession:VF0229
VFG000939__iucB	1	0	.	.	genus:Escherichia,species:coli,strain:CFT073,gene_name:iucB,vf_name:Aerobactin,vf_accession:VF0229
VFG000940__iucA	1	0	.	.	genus:Escherichia,species:coli,strain:CFT073,gene_name:iucA,vf_name:Aerobactin,vf_accession:VF0229
VFG000942__draA	1	0	.	.	genus:Escherichia,species:coli,strain:O75:K5:H- str. IH11128,gene_name:draA,vf_name:Dr adhesins,vf_accession:VF0223
VFG000943__draB	1	0	.	.	genus:Escherichia,species:coli,strain:O75:K5:H- str. IH11128,gene_name:draB,vf_name:Dr adhesins,vf_accession:VF0223
VFG000944__draC	1	0	.	.	genus:Escherichia,species:coli,strain:O75:K5:H- str. IH11128,gene_name:draC,vf_name:Dr adhesins,vf_accession:VF0223
VFG000945__draD	1	0	.	.	genus:Escherichia,species:coli,strain:O75:K5:H- str. IH11128,gene_name:draD,vf_name:Dr adhesins,vf_accession:VF0223
VFG000946__draP	1	0	.	.	genus:Escherichia,species:coli,strain:O75:K5:H- str. IH11128,gene_name:draP,vf_name:Dr adhesins,vf_accession:VF0223
VFG000984__ipaA	1	0	.	.	genus:Shigella,species:flexneri,strain:2a str. 301,gene_name:ipaA,vf_name:TTSS,vf_accession:VF0118
VFG000985__ipaD	1	0	.	.	genus:Shigella,species:flexneri,strain:2a str. 301,gene_name:ipaD,vf_name:TTSS,vf_accession:VF0118
VFG000986__ipaC	1	0	.	.	genus:Shigella,species:flexneri,strain:2a str. 301,gene_name:ipaC,vf_name:TTSS,vf_accession:VF0118
VFG000987__ipaB	1	0	.	.	genus:Shigella,species:flexneri,strain:2a str. 301,gene_name:ipaB,vf_name:TTSS,vf_accession:VF0118
VFG000988__ipgC	1	0	.	.	genus:Shigella,species:flexneri,strain:2a str. 301,gene_name:ipgC,vf_name:TTSS,vf_accession:VF0118
VFG000989__ipgB1	1	0	.	.	genus:Shigella,species:flexneri,strain:2a str. 301,gene_name:ipgB1,vf_name:TTSS,vf_accession:VF0118
VFG000990__ipgA	1	0	.	.	genus:Shigella,species:flexneri,strain:2a str. 301,gene_name:ipgA,vf_name:TTSS,vf_accession:VF0118
VFG000991__icsB	1	0	.	.	genus:Shigella,species:flexneri,strain:2a str. 301,gene_name:icsB,vf_name:TTSS,vf_accession:VF0118
VFG000992__ipgD	1	0	.	.	genus:Shigella,species:flexneri,strain:2a str. 301,gene_name:ipgD,vf_name:TTSS,vf_accession:VF0118
VFG000993__ipgE	1	0	.	.	genus:Shigella,species:flexneri,strain:2a str. 301,gene_name:ipgE,vf_name:TTSS,vf_accession:VF0118
VFG000994__ipgF	1	0	.	.	genus:Shigella,species:flexneri,strain:2a str. 301,gene_name:ipgF,vf_name:TTSS,vf_accession:VF0118
VFG000995__mxiG	1	0	.	.	genus:Shigella,species:flexneri,strain:2a str. 301,gene_name:mxiG,vf_name:TTSS,vf_accession:VF0118
VFG000996__mxiH	1	0	.	.	genus:Shigella,species:flexneri,strain:2a str. 301,gene_name:mxiH,vf_name:TTSS,vf_accession:VF0118
VFG000997__mxiI	1	0	.	.	genus:Shigella,species:flexneri,strain:2a str. 301,gene_name:mxiI,vf_name:TTSS,vf_accession:VF0118
VFG000998__mxiJ	1	0	.	.	genus:Shigella,species:flexneri,strain:2a str. 301,gene_name:mxiJ,vf_name:TTSS,vf_accession:VF0118
VFG000999__mxiK	1	0	.	.	genus:Shigella,species:flexneri,strain:2a str. 301,gene_name:mxiK,vf_name:TTSS,vf_accession:VF0118
VFG001000__mxiN	1	0	.	.	genus:Shigella,species:flexneri,strain:2a str. 301,gene_name:mxiN,vf_name:TTSS,vf_accession:VF0118
VFG001001__mxiL	1	0	.	.	genus:Shigella,species:flexneri,strain:2a str. 301,gene_name:mxiL,vf_name:TTSS,vf_accession:VF0118
VFG001002__mxiM	1	0	.	.	genus:Shigella,species:flexneri,strain:2a str. 301,gene_name:mxiM,vf_name:TTSS,vf_accession:VF0118
VFG001003__mxiE	1	0	.	.	genus:Shigella,species:flexneri,strain:2a str. 301,gene_name:mxiE,vf_name:TTSS,vf_accession:VF0118
VFG001004__mxiD	1	0	.	.	genus:Shigella,species:flexneri,strain:2a str. 301,gene_name:mxiD,vf_name:TTSS,vf_accession:VF0118
VFG001005__mxiC	1	0	.	.	genus:Shigella,species:flexneri,strain:2a str. 301,gene_name:mxiC,vf_name:TTSS,vf_accession:VF0118
VFG001006__mxiA	1	0	.	.	genus:Shigella,species:flexneri,strain:2a str. 301,gene_name:mxiA,vf_name:TTSS,vf_accession:VF0118
VFG001007__spa15	1	0	.	.	genus:Shigella,species:flexneri,strain:2a str. 301,gene_name:spa15,vf_name:TTSS,vf_accession:VF0118
VFG001008__spa47	1	0	.	.	genus:Shigella,species:flexneri,strain:2a str. 301,gene_name:spa47,vf_name:TTSS,vf_accession:VF0118
VFG001009__spa13	1	0	.	.	genus:Shigella,species:flexneri,strain:2a str. 301,gene_name:spa13,vf_name:TTSS,vf_accession:VF0118
VFG001010__spa32	1	0	.	.	genus:Shigella,species:flexneri,strain:2a str. 301,gene_name:spa32,vf_name:TTSS,vf_accession:VF0118
VFG001011__spa33	1	0	.	.	genus:Shigella,species:flexneri,strain:2a str. 301,gene_name:spa33,vf_name:TTSS,vf_accession:VF0118
VFG001012__spa24	1	0	.	.	genus:Shigella,species:flexneri,strain:2a str. 301,gene_name:spa24,vf_name:TTSS,vf_accession:VF0118
VFG001013__spa9	1	0	.	.	genus:Shigella,species:flexneri,strain:2a str. 301,gene_name:spa9,vf_name:TTSS,vf_accession:VF0118
VFG001014__spa29	1	0	.	.	genus:Shigella,species:flexneri,strain:2a str. 301,gene_name:spa29,vf_name:TTSS,vf_accession:VF0118
VFG001015__spa40	1	0	.	.	genus:Shigella,species:flexneri,strain:2a str. 301,gene_name:spa40,vf_name:TTSS,vf_accession:VF0118
VFG001016__virA	1	0	.	.	genus:Shigella,species:flexneri,strain:2a str. 301,gene_name:virA,vf_name:TTSS,vf_accession:VF0118
VFG001017__icsP_sopA	1	0	.	.	genus:Shigella,species:flexneri,strain:2a str. 301,gene_name:icsP/sopA,vf_name:IcsP (SopA),vf_accession:VF0122
VFG001424__draE2	1	0	.	.	genus:Escherichia,species:coli,strain:EC7372,gene_name:draE2,vf_name:Afa/Dr family,vf_accession:VF0212
VFG001425__afaE_III	1	0	.	.	genus:Escherichia,species:coli,strain:str. A30,gene_name:afaE-III,vf_name:Afa/Dr family,vf_accession:VF0212
VFG001426__afaE_I	1	0	.	.	genus:Escherichia,species:coli,strain:O25b:H4 str. FV9863,gene_name:afaE-I,vf_name:Afa/Dr family,vf_accession:VF0212
VFG001427__daaE	1	0	.	.	genus:Escherichia,species:coli,strain:str. C1845,gene_name:daaE,vf_name:Afa/Dr family,vf_accession:VF0212
VFG001428__draE	1	0	.	.	genus:Escherichia,species:coli,strain:O75:K5:H- str. IH11128,gene_name:draE,vf_name:Afa/Dr family,vf_accession:VF0212
VFG001429__cooA	1	0	.	.	genus:Escherichia,species:coli,strain:,gene_name:cooA,vf_name:Adhesive fimbriae,vf_accession:VF0213
VFG001430__cs3	1	0	.	.	genus:Escherichia,species:coli,strain:,gene_name:cs3,vf_name:Adhesive fimbriae,vf_accession:VF0213
VFG001431__csfA	1	0	.	.	genus:Escherichia,species:coli,strain:,gene_name:csfA,vf_name:Adhesive fimbriae,vf_accession:VF0213
VFG001432__cssA	1	0	.	.	genus:Escherichia,species:coli,strain:E10703,gene_name:cssA,vf_name:Adhesive fimbriae,vf_accession:VF0213
VFG001433__csvA	1	0	.	.	genus:Escherichia,species:coli,strain:O114:H49 str. E29101A,gene_name:csvA,vf_name:Adhesive fimbriae,vf_accession:VF0213
VFG001434__cswA	1	0	.	.	genus:Escherichia,species:coli,strain:O159:H4 str. 350C1,gene_name:cswA,vf_name:Adhesive fimbriae,vf_accession:VF0213
VFG001435__cfaB	1	0	.	.	genus:Escherichia,species:coli,strain:str. E7473,gene_name:cfaB,vf_name:Adhesive fimbriae,vf_accession:VF0213
VFG001436__cofA	1	0	.	.	genus:Escherichia,species:coli,strain:str. 260-1,gene_name:cofA,vf_name:Adhesive fimbriae,vf_accession:VF0213
VFG001437__cseA	1	0	.	.	genus:Escherichia,species:coli,strain:str. ARG-3,gene_name:cseA,vf_name:Adhesive fimbriae,vf_accession:VF0213
VFG001438__csbA	1	0	.	.	genus:Escherichia,species:coli,strain:O8:H9 str. WS6788A,gene_name:csbA,vf_name:Adhesive fimbriae,vf_accession:VF0213
VFG001439__csnA	1	0	.	.	genus:Escherichia,species:coli,strain:str. H721A,gene_name:csnA,vf_name:Adhesive fimbriae,vf_accession:VF0213
VFG001442__ibeA	1	0	.	.	genus:Escherichia,species:coli,strain:O18:K1:H7 str. RS218,gene_name:ibeA,vf_name:Ibes,vf_accession:VF0237
VFG001443__ompA	1	0	.	.	genus:Escherichia,species:coli,strain:O18:K1:H7 str. RS218,gene_name:ompA,vf_name:OmpA,vf_accession:VF0236
VFG001444__aslA	1	0	.	.	genus:Escherichia,species:coli,strain:O18:K1:H7 str. RS218,gene_name:aslA,vf_name:AslA,vf_accession:VF0238
VFG001446__sfaA	1	0	.	.	genus:Escherichia,species:coli,strain:UTI89,gene_name:sfaA,vf_name:S fimbriae,vf_accession:VF0222
VFG001447__cnf1	1	0	.	.	genus:Escherichia,species:coli,strain:str. E-B35,gene_name:cnf1,vf_name:CNF-1,vf_accession:VF0240
VFG001448__kpsD	1	0	.	.	genus:Escherichia,species:coli,strain:O18:K1:H7 str. RS218,gene_name:kpsD,vf_name:K1 capsule,vf_accession:VF0239
VFG001449__kpsT	1	0	.	.	genus:Escherichia,species:coli,strain:O18:K1:H7 str. RS218,gene_name:kpsT,vf_name:K1 capsule,vf_accession:VF0239
VFG001450__kpsM	1	0	.	.	genus:Escherichia,species:coli,strain:O18:K1:H7 str. RS218,gene_name:kpsM,vf_name:K1 capsule,vf_accession:VF0239
VFG001534__efa1	1	0	.	.	genus:Escherichia,species:coli,strain:O111:H- str. E45035,gene_name:efa1,vf_name:Efa-1/LifA,vf_accession:VF0204
VFG001713__papX	1	0	.	.	genus:Escherichia,species:coli,strain:CFT073,gene_name:papX,vf_name:P fimbriae,vf_accession:CVF425
VFG001827__senB	1	0	.	.	genus:Shigella,species:flexneri,strain:2a str. 301,gene_name:senB,vf_name:ShET2,vf_accession:VF0258
VFG001828__stxA	1	0	.	.	genus:Shigella,species:dysenteriae,strain:Sd197,gene_name:stxA,vf_name:Shiga toxin,vf_accession:VF0117
VFG001829__stxB	1	0	.	.	genus:Shigella,species:dysenteriae,strain:Sd197,gene_name:stxB,vf_name:Shiga toxin,vf_accession:VF0117
VFG002037__eltA	1	0	.	.	genus:Escherichia,species:coli,strain:,gene_name:eltA,vf_name:Heat-labile toxin (LT),vf_accession:VF0210
VFG002038__eltB	1	0	.	.	genus:Escherichia,species:coli,strain:,gene_name:eltB,vf_name:Heat-labile toxin (LT),vf_accession:VF0210
VFG002039__estIa	1	0	.	.	genus:Escherichia,species:coli,strain:O78:H11:K80 str. H10407,gene_name:estIa,vf_name:Heat-stable toxin (ST),vf_accession:VF0211
VFG002041__ipaH7.8	1	0	.	.	genus:Shigella,species:flexneri,strain:2a str. 301,gene_name:ipaH7.8,vf_name:TTSS,vf_accession:VF0118
VFG002042__ipaH9.8	1	0	.	.	genus:Shigella,species:flexneri,strain:2a str. 301,gene_name:ipaH9.8,vf_name:TTSS,vf_accession:VF0118
VFG002043__ospG	1	0	.	.	genus:Shigella,species:flexneri,strain:2a str. 301,gene_name:ospG,vf_name:TTSS,vf_accession:VF0118
VFG002046__gspC	1	0	.	.	genus:Shigella,species:dysenteriae,strain:Sd197,gene_name:gspC,vf_name:T2SS,vf_accession:VF0333
VFG002047__gspD	1	0	.	.	genus:Shigella,species:dysenteriae,strain:Sd197,gene_name:gspD,vf_name:T2SS,vf_accession:VF0333
VFG002048__gspE	1	0	.	.	genus:Shigella,species:dysenteriae,strain:Sd197,gene_name:gspE,vf_name:T2SS,vf_accession:VF0333
VFG002049__gspF	1	0	.	.	genus:Shigella,species:dysenteriae,strain:Sd197,gene_name:gspF,vf_name:T2SS,vf_accession:VF0333
VFG002050__gspG	1	0	.	.	genus:Shigella,species:dysenteriae,strain:Sd197,gene_name:gspG,vf_name:T2SS,vf_accession:VF0333
VFG002051__gspH	1	0	.	.	genus:Shigella,species:dysenteriae,strain:Sd197,gene_name:gspH,vf_name:T2SS,vf_accession:VF0333
VFG002052__gspI	1	0	.	.	genus:Shigella,species:dysenteriae,strain:Sd197,gene_name:gspI,vf_name:T2SS,vf_accession:VF0333
VFG002053__gspJ	1	0	.	.	genus:Shigella,species:dysenteriae,strain:Sd197,gene_name:gspJ,vf_name:T2SS,vf_accession:VF0333
VFG002054__gspK	1	0	.	.	genus:Shigella,species:dysenteriae,strain:Sd197,gene_name:gspK,vf_name:T2SS,vf_accession:VF0333
VFG002055__gspL	1	0	.	.	genus:Shigella,species:dysenteriae,strain:Sd197,gene_name:gspL,vf_name:T2SS,vf_accession:VF0333
VFG002056__gspM	1	0	.	.	genus:Shigella,species:dysenteriae,strain:Sd197,gene_name:gspM,vf_name:T2SS,vf_accession:VF0333
VFG002121__nleA_espI	1	0	.	.	genus:Escherichia,species:coli,strain:O157:H7 str. EDL933,gene_name:nleA/espI,vf_name:NleA/EspI,vf_accession:VF0338
VFG002122__nleC	1	0	.	.	genus:Escherichia,species:coli,strain:O157:H7 str. EDL933,gene_name:nleC,vf_name:NleC,vf_accession:VF0340
VFG002123__nleD	1	0	.	.	genus:Escherichia,species:coli,strain:O157:H7 str. EDL933,gene_name:nleD,vf_name:NleD,vf_accession:VF0343
VFG002155__ystA	1	0	.	.	genus:Yersinia,species:enterocolitica,strain:W1024,gene_name:ystA,vf_name:Yst,vf_accession:VF0135
VFG002156__ystB	1	0	.	.	genus:Yersinia,species:enterocolitica,strain:str. 84-50,gene_name:ystB,vf_name:Yst,vf_accession:VF0135
VFG002302__mig_14	1	0	.	.	genus:Salmonella,species:enterica,strain:subsp. enterica serovar Typhimurium str. LT2,gene_name:mig-14,vf_name:Mig-14,vf_accession:VF0395
VFG002304__misL	1	0	.	.	genus:Salmonella,species:enterica,strain:subsp. enterica serovar Typhimurium str. LT2,gene_name:misL,vf_name:MisL,vf_accession:VF0397
VFG002305__shdA	1	0	.	.	genus:Salmonella,species:enterica,strain:subsp. enterica serovar Typhimurium str. LT2,gene_name:shdA,vf_name:ShdA,vf_accession:VF0398
VFG002306__ratB	1	0	.	.	genus:Salmonella,species:enterica,strain:subsp. enterica serovar Typhimurium str. LT2,gene_name:ratB,vf_name:RatB,vf_accession:VF0399
VFG002307__sinH	1	0	.	.	genus:Salmonella,species:enterica,strain:subsp. enterica serovar Typhimurium str. LT2,gene_name:sinH,vf_name:SinH,vf_accession:VF0400
VFG002308__pilL	1	0	.	.	genus:Yersinia,species:enterocolitica,strain:subsp. enterocolitica 8081,gene_name:pilL,vf_name:Type IV pili,vf_accession:VF0401
VFG002309__pilM	1	0	.	.	genus:Yersinia,species:enterocolitica,strain:subsp. enterocolitica 8081,gene_name:pilM,vf_name:Type IV pili,vf_accession:VF0401
VFG002310__pilN	1	0	.	.	genus:Yersinia,species:enterocolitica,strain:subsp. enterocolitica 8081,gene_name:pilN,vf_name:Type IV pili,vf_accession:VF0401
VFG002311__pilO	1	0	.	.	genus:Yersinia,species:enterocolitica,strain:subsp. enterocolitica 8081,gene_name:pilO,vf_name:Type IV pili,vf_accession:VF0401
VFG002312__pilP	1	0	.	.	genus:Yersinia,species:enterocolitica,strain:subsp. enterocolitica 8081,gene_name:pilP,vf_name:Type IV pili,vf_accession:VF0401
VFG002313__pilQ	1	0	.	.	genus:Yersinia,species:enterocolitica,strain:subsp. enterocolitica 8081,gene_name:pilQ,vf_name:Type IV pili,vf_accession:VF0401
VFG002314__pilR	1	0	.	.	genus:Yersinia,species:enterocolitica,strain:subsp. enterocolitica 8081,gene_name:pilR,vf_name:Type IV pili,vf_accession:VF0401
VFG002315__pilS	1	0	.	.	genus:Yersinia,species:enterocolitica,strain:subsp. enterocolitica 8081,gene_name:pilS,vf_name:Type IV pili,vf_accession:VF0401
VFG002316__pilU	1	0	.	.	genus:Yersinia,species:enterocolitica,strain:subsp. enterocolitica 8081,gene_name:pilU,vf_name:Type IV pili,vf_accession:VF0401
VFG002317__pilV	1	0	.	.	genus:Yersinia,species:enterocolitica,strain:subsp. enterocolitica 8081,gene_name:pilV,vf_name:Type IV pili,vf_accession:VF0401
VFG002318__fliZ	1	0	.	.	genus:Yersinia,species:enterocolitica,strain:subsp. enterocolitica 8081,gene_name:fliZ,vf_name:Flagella,vf_accession:VF0394
VFG002319__fliA	1	0	.	.	genus:Yersinia,species:enterocolitica,strain:subsp. enterocolitica 8081,gene_name:fliA,vf_name:Flagella,vf_accession:VF0394
VFG002320__fliB	1	0	.	.	genus:Yersinia,species:enterocolitica,strain:subsp. enterocolitica 8081,gene_name:fliB,vf_name:Flagella,vf_accession:VF0394
VFG002321__fliC	1	0	.	.	genus:Yersinia,species:enterocolitica,strain:subsp. enterocolitica 8081,gene_name:fliC,vf_name:Flagella,vf_accession:VF0394
VFG002322__fliC	1	0	.	.	genus:Yersinia,species:enterocolitica,strain:subsp. enterocolitica 8081,gene_name:fliC,vf_name:Flagella,vf_accession:VF0394
VFG002323__fliC	1	0	.	.	genus:Yersinia,species:enterocolitica,strain:subsp. enterocolitica 8081,gene_name:fliC,vf_name:Flagella,vf_accession:VF0394
VFG002324__fliD	1	0	.	.	genus:Yersinia,species:enterocolitica,strain:subsp. enterocolitica 8081,gene_name:fliD,vf_name:Flagella,vf_accession:VF0394
VFG002325__fliS	1	0	.	.	genus:Yersinia,species:enterocolitica,strain:subsp. enterocolitica 8081,gene_name:fliS,vf_name:Flagella,vf_accession:VF0394
VFG002326__fliT	1	0	.	.	genus:Yersinia,species:enterocolitica,strain:subsp. enterocolitica 8081,gene_name:fliT,vf_name:Flagella,vf_accession:VF0394
VFG002327__fliE	1	0	.	.	genus:Yersinia,species:enterocolitica,strain:subsp. enterocolitica 8081,gene_name:fliE,vf_name:Flagella,vf_accession:VF0394
VFG002328__fliF	1	0	.	.	genus:Yersinia,species:enterocolitica,strain:subsp. enterocolitica 8081,gene_name:fliF,vf_name:Flagella,vf_accession:VF0394
VFG002329__fliG	1	0	.	.	genus:Yersinia,species:enterocolitica,strain:subsp. enterocolitica 8081,gene_name:fliG,vf_name:Flagella,vf_accession:VF0394
VFG002330__fliH	1	0	.	.	genus:Yersinia,species:enterocolitica,strain:subsp. enterocolitica 8081,gene_name:fliH,vf_name:Flagella,vf_accession:VF0394
VFG002331__fliI	1	0	.	.	genus:Yersinia,species:enterocolitica,strain:subsp. enterocolitica 8081,gene_name:fliI,vf_name:Flagella,vf_accession:VF0394
VFG002332__fliJ	1	0	.	.	genus:Yersinia,species:enterocolitica,strain:subsp. enterocolitica 8081,gene_name:fliJ,vf_name:Flagella,vf_accession:VF0394
VFG002333__fliK	1	0	.	.	genus:Yersinia,species:enterocolitica,strain:subsp. enterocolitica 8081,gene_name:fliK,vf_name:Flagella,vf_accession:VF0394
VFG002334__fliL	1	0	.	.	genus:Yersinia,species:enterocolitica,strain:subsp. enterocolitica 8081,gene_name:fliL,vf_name:Flagella,vf_accession:VF0394
VFG002335__fliM	1	0	.	.	genus:Yersinia,species:enterocolitica,strain:subsp. enterocolitica 8081,gene_name:fliM,vf_name:Flagella,vf_accession:VF0394
VFG002336__fliN	1	0	.	.	genus:Yersinia,species:enterocolitica,strain:subsp. enterocolitica 8081,gene_name:fliN,vf_name:Flagella,vf_accession:VF0394
VFG002337__fliO	1	0	.	.	genus:Yersinia,species:enterocolitica,strain:subsp. enterocolitica 8081,gene_name:fliO,vf_name:Flagella,vf_accession:VF0394
VFG002338__fliP	1	0	.	.	genus:Yersinia,species:enterocolitica,strain:subsp. enterocolitica 8081,gene_name:fliP,vf_name:Flagella,vf_accession:VF0394
VFG002339__fliQ	1	0	.	.	genus:Yersinia,species:enterocolitica,strain:subsp. enterocolitica 8081,gene_name:fliQ,vf_name:Flagella,vf_accession:VF0394
VFG002340__fliR	1	0	.	.	genus:Yersinia,species:enterocolitica,strain:subsp. enterocolitica 8081,gene_name:fliR,vf_name:Flagella,vf_accession:VF0394
VFG002341__flgL	1	0	.	.	genus:Yersinia,species:enterocolitica,strain:subsp. enterocolitica 8081,gene_name:flgL,vf_name:Flagella,vf_accession:VF0394
VFG002342__flgK	1	0	.	.	genus:Yersinia,species:enterocolitica,strain:subsp. enterocolitica 8081,gene_name:flgK,vf_name:Flagella,vf_accession:VF0394
VFG002343__flgJ	1	0	.	.	genus:Yersinia,species:enterocolitica,strain:subsp. enterocolitica 8081,gene_name:flgJ,vf_name:Flagella,vf_accession:VF0394
VFG002344__flgI	1	0	.	.	genus:Yersinia,species:enterocolitica,strain:subsp. enterocolitica 8081,gene_name:flgI,vf_name:Flagella,vf_accession:VF0394
VFG002345__flgH	1	0	.	.	genus:Yersinia,species:enterocolitica,strain:subsp. enterocolitica 8081,gene_name:flgH,vf_name:Flagella,vf_accession:VF0394
VFG002346__flgG	1	0	.	.	genus:Yersinia,species:enterocolitica,strain:subsp. enterocolitica 8081,gene_name:flgG,vf_name:Flagella,vf_accession:VF0394
VFG002347__flgF	1	0	.	.	genus:Yersinia,species:enterocolitica,strain:subsp. enterocolitica 8081,gene_name:flgF,vf_name:Flagella,vf_accession:VF0394
VFG002348__flgE	1	0	.	.	genus:Yersinia,species:enterocolitica,strain:subsp. enterocolitica 8081,gene_name:flgE,vf_name:Flagella,vf_accession:VF0394
VFG002349__flgD	1	0	.	.	genus:Yersinia,species:enterocolitica,strain:subsp. enterocolitica 8081,gene_name:flgD,vf_name:Flagella,vf_accession:VF0394
VFG002350__flgC	1	0	.	.	genus:Yersinia,species:enterocolitica,strain:subsp. enterocolitica 8081,gene_name:flgC,vf_name:Flagella,vf_accession:VF0394
VFG002351__flgB	1	0	.	.	genus:Yersinia,species:enterocolitica,strain:subsp. enterocolitica 8081,gene_name:flgB,vf_name:Flagella,vf_accession:VF0394
VFG002352__flgA	1	0	.	.	genus:Yersinia,species:enterocolitica,strain:subsp. enterocolitica 8081,gene_name:flgA,vf_name:Flagella,vf_accession:VF0394
VFG002353__flgM	1	0	.	.	genus:Yersinia,species:enterocolitica,strain:subsp. enterocolitica 8081,gene_name:flgM,vf_name:Flagella,vf_accession:VF0394
VFG002354__flgN	1	0	.	.	genus:Yersinia,species:enterocolitica,strain:subsp. enterocolitica 8081,gene_name:flgN,vf_name:Flagella,vf_accession:VF0394
VFG002355__flhE	1	0	.	.	genus:Yersinia,species:enterocolitica,strain:subsp. enterocolitica 8081,gene_name:flhE,vf_name:Flagella,vf_accession:VF0394
VFG002356__flhA	1	0	.	.	genus:Yersinia,species:enterocolitica,strain:subsp. enterocolitica 8081,gene_name:flhA,vf_name:Flagella,vf_accession:VF0394
VFG002357__flhB	1	0	.	.	genus:Yersinia,species:enterocolitica,strain:subsp. enterocolitica 8081,gene_name:flhB,vf_name:Flagella,vf_accession:VF0394
VFG002358__flhC	1	0	.	.	genus:Yersinia,species:enterocolitica,strain:subsp. enterocolitica 8081,gene_name:flhC,vf_name:Flagella,vf_accession:VF0394
VFG002359__flhD	1	0	.	.	genus:Yersinia,species:enterocolitica,strain:subsp. enterocolitica 8081,gene_name:flhD,vf_name:Flagella,vf_accession:VF0394
VFG002360__wzz	1	0	.	.	genus:Yersinia,species:enterocolitica,strain:subsp. enterocolitica 8081,gene_name:wzz,vf_name:O-antigen,vf_accession:VF0392
VFG002361__galE	1	0	.	.	genus:Yersinia,species:enterocolitica,strain:subsp. enterocolitica 8081,gene_name:galE,vf_name:O-antigen,vf_accession:VF0392
VFG002362__manB	1	0	.	.	genus:Yersinia,species:enterocolitica,strain:subsp. enterocolitica 8081,gene_name:manB,vf_name:O-antigen,vf_accession:VF0392
VFG002363__manC	1	0	.	.	genus:Yersinia,species:enterocolitica,strain:subsp. enterocolitica 8081,gene_name:manC,vf_name:O-antigen,vf_accession:VF0392
VFG002364__fcl	1	0	.	.	genus:Yersinia,species:enterocolitica,strain:subsp. enterocolitica 8081,gene_name:fcl,vf_name:O-antigen,vf_accession:VF0392
VFG002365__gmd	1	0	.	.	genus:Yersinia,species:enterocolitica,strain:subsp. enterocolitica 8081,gene_name:gmd,vf_name:O-antigen,vf_accession:VF0392
VFG002366__rfpB	1	0	.	.	genus:Yersinia,species:enterocolitica,strain:subsp. enterocolitica 8081,gene_name:rfpB,vf_name:O-antigen,vf_accession:VF0392
VFG002367__wbcH	1	0	.	.	genus:Yersinia,species:enterocolitica,strain:subsp. enterocolitica 8081,gene_name:wbcH,vf_name:O-antigen,vf_accession:VF0392
VFG002368__wbcG	1	0	.	.	genus:Yersinia,species:enterocolitica,strain:subsp. enterocolitica 8081,gene_name:wbcG,vf_name:O-antigen,vf_accession:VF0392
VFG002369__wbcF	1	0	.	.	genus:Yersinia,species:enterocolitica,strain:subsp. enterocolitica 8081,gene_name:wbcF,vf_name:O-antigen,vf_accession:VF0392
VFG002370__wzy	1	0	.	.	genus:Yersinia,species:enterocolitica,strain:subsp. enterocolitica 8081,gene_name:wzy,vf_name:O-antigen,vf_accession:VF0392
VFG002371__wbcD	1	0	.	.	genus:Yersinia,species:enterocolitica,strain:subsp. enterocolitica 8081,gene_name:wbcD,vf_name:O-antigen,vf_accession:VF0392
VFG002372__wzx	1	0	.	.	genus:Yersinia,species:enterocolitica,strain:subsp. enterocolitica 8081,gene_name:wzx,vf_name:O-antigen,vf_accession:VF0392
VFG002373__wbcC	1	0	.	.	genus:Yersinia,species:enterocolitica,strain:subsp. enterocolitica 8081,gene_name:wbcC,vf_name:O-antigen,vf_accession:VF0392
VFG002374__prt	1	0	.	.	genus:Yersinia,species:enterocolitica,strain:subsp. enterocolitica 8081,gene_name:prt,vf_name:O-antigen,vf_accession:VF0392
VFG002375__wbcA	1	0	.	.	genus:Yersinia,species:enterocolitica,strain:subsp. enterocolitica 8081,gene_name:wbcA,vf_name:O-antigen,vf_accession:VF0392
VFG002376__ddhB	1	0	.	.	genus:Yersinia,species:enterocolitica,strain:subsp. enterocolitica 8081,gene_name:ddhB,vf_name:O-antigen,vf_accession:VF0392
VFG002377__ddhA	1	0	.	.	genus:Yersinia,species:enterocolitica,strain:subsp. enterocolitica 8081,gene_name:ddhA,vf_name:O-antigen,vf_accession:VF0392
VFG002412__yagY_ecpB	1	0	.	.	genus:Escherichia,species:coli,strain:O157:H7 str. EDL933,gene_name:yagY/ecpB,vf_name:ECP,vf_accession:VF0404
VFG002413__ykgK_ecpR	1	0	.	.	genus:Escherichia,species:coli,strain:O157:H7 str. EDL933,gene_name:ykgK/ecpR,vf_name:ECP,vf_accession:VF0404
VFG002414__yagZ_ecpA	1	0	.	.	genus:Escherichia,species:coli,strain:O157:H7 str. EDL933,gene_name:yagZ/ecpA,vf_name:ECP,vf_accession:VF0404
VFG002415__yagX_ecpC	1	0	.	.	genus:Escherichia,species:coli,strain:O157:H7 str. EDL933,gene_name:yagX/ecpC,vf_name:ECP,vf_accession:VF0404
VFG002416__yagW_ecpD	1	0	.	.	genus:Escherichia,species:coli,strain:O157:H7 str. EDL933,gene_name:yagW/ecpD,vf_name:ECP,vf_accession:VF0404
VFG002417__yagV_ecpE	1	0	.	.	genus:Escherichia,species:coli,strain:O157:H7 str. EDL933,gene_name:yagV/ecpE,vf_name:ECP,vf_accession:VF0404
VFG003635__orgC	1	0	.	.	genus:Salmonella,species:enterica,strain:subsp. enterica serovar Typhimurium str. LT2,gene_name:orgC,vf_name:SPI-1 encoded T3SS,vf_accession:SS010
VFG003645__orgA	1	0	.	.	genus:Salmonella,species:enterica,strain:subsp. enterica serovar Typhimurium str. LT2,gene_name:orgA,vf_name:SPI-1 encoded T3SS,vf_accession:SS010
VFG003971__sseI_srfH	1	0	.	.	genus:Salmonella,species:enterica,strain:subsp. enterica serovar Typhimurium str. LT2,gene_name:sseI/srfH,vf_name:SPI-2 encoded T3SS,vf_accession:SS021
VFG003977__sseL	1	0	.	.	genus:Salmonella,species:enterica,strain:subsp. enterica serovar Typhimurium str. LT2,gene_name:sseL,vf_name:SPI-2 encoded T3SS,vf_accession:SS021
VFG003982__sseK2	1	0	.	.	genus:Salmonella,species:enterica,strain:subsp. enterica serovar Typhimurium str. LT2,gene_name:sseK2,vf_name:SPI-2 encoded T3SS,vf_accession:SS021
VFG003988__sifB	1	0	.	.	genus:Salmonella,species:enterica,strain:subsp. enterica serovar Typhimurium str. LT2,gene_name:sifB,vf_name:SPI-2 encoded T3SS,vf_accession:SS021
VFG003997__pipB2	1	0	.	.	genus:Salmonella,species:enterica,strain:subsp. enterica serovar Typhimurium str. LT2,gene_name:pipB2,vf_name:SPI-2 encoded T3SS,vf_accession:SS021
VFG004006__gogB	1	0	.	.	genus:Salmonella,species:enterica,strain:subsp. enterica serovar Typhimurium str. LT2,gene_name:gogB,vf_name:SPI-2 encoded T3SS,vf_accession:SS021
VFG004016__sseK1	1	0	.	.	genus:Salmonella,species:enterica,strain:subsp. enterica serovar Typhimurium str. LT2,gene_name:sseK1,vf_name:SPI-2 encoded T3SS,vf_accession:SS021
VFG004125__csgD	1	0	.	.	genus:Salmonella,species:enterica,strain:subsp. enterica serovar Typhimurium str. LT2,gene_name:csgD,vf_name:curli fibers/thin aggregative fimbriae (AGF),vf_accession:AI094
VFG012327__sfaC	1	0	.	.	genus:Escherichia,species:coli,strain:UTI89,gene_name:sfaC,vf_name:S fimbriae,vf_accession:VF0222
VFG012329__sfaB	1	0	.	.	genus:Escherichia,species:coli,strain:UTI89,gene_name:sfaB,vf_name:S fimbriae,vf_accession:VF0222
VFG012333__sfaD	1	0	.	.	genus:Escherichia,species:coli,strain:UTI89,gene_name:sfaD,vf_name:S fimbriae,vf_accession:VF0222
VFG012335__sfaE	1	0	.	.	genus:Escherichia,species:coli,strain:UTI89,gene_name:sfaE,vf_name:S fimbriae,vf_accession:VF0222
VFG012337__sfaF	1	0	.	.	genus:Escherichia,species:coli,strain:UTI89,gene_name:sfaF,vf_name:S fimbriae,vf_accession:VF0222
VFG012339__sfaG	1	0	.	.	genus:Escherichia,species:coli,strain:UTI89,gene_name:sfaG,vf_name:S fimbriae,vf_accession:VF0222
VFG012341__sfaS	1	0	.	.	genus:Escherichia,species:coli,strain:UTI89,gene_name:sfaS,vf_name:S fimbriae,vf_accession:VF0222
VFG012343__sfaH	1	0	.	.	genus:Escherichia,species:coli,strain:UTI89,gene_name:sfaH,vf_name:S fimbriae,vf_accession:VF0222
VFG012362__espB	1	0	.	.	genus:Escherichia,species:coli,strain:O157:H7 str. EDL933,gene_name:espB,vf_name:TTSS,vf_accession:VF0191
VFG012436__espFu_tccP	1	0	.	.	genus:Escherichia,species:coli,strain:O157:H7 str. EDL933,gene_name:espFu/tccP,vf_name:LEE encoded T3SS,vf_accession:SS020
VFG012438__ADP	1	0	.	.	genus:Escherichia,species:coli,strain:O157:H7 str. EDL933,gene_name:ADP,vf_name:LEE encoded T3SS,vf_accession:SS020
VFG012501__iroE	1	0	.	.	genus:Escherichia,species:coli,strain:CFT073,gene_name:iroE,vf_name:Salmochelin,vf_accession:IA013
VFG012505__iroD	1	0	.	.	genus:Escherichia,species:coli,strain:CFT073,gene_name:iroD,vf_name:Salmochelin,vf_accession:IA013
VFG012509__iroC	1	0	.	.	genus:Escherichia,species:coli,strain:CFT073,gene_name:iroC,vf_name:Salmochelin,vf_accession:IA013
VFG012513__iroB	1	0	.	.	genus:Escherichia,species:coli,strain:CFT073,gene_name:iroB,vf_name:Salmochelin,vf_accession:IA013
VFG012760__ipgB2	1	0	.	.	genus:Shigella,species:flexneri,strain:2a str. 301,gene_name:ipgB2,vf_name:T3SS,vf_accession:SS011
VFG012773__ospC2	1	0	.	.	genus:Shigella,species:flexneri,strain:2a str. 301,gene_name:ospC2,vf_name:T3SS,vf_accession:SS011
VFG012778__ospC3	1	0	.	.	genus:Shigella,species:flexneri,strain:2a str. 301,gene_name:ospC3,vf_name:T3SS,vf_accession:SS011
VFG012783__ospC4	1	0	.	.	genus:Shigella,species:flexneri,strain:2a str. 301,gene_name:ospC4,vf_name:T3SS,vf_accession:SS011
VFG012788__ospD1	1	0	.	.	genus:Shigella,species:flexneri,strain:2a str. 301,gene_name:ospD1,vf_name:T3SS,vf_accession:SS011
VFG012793__ospD2	1	0	.	.	genus:Shigella,species:flexneri,strain:2a str. 301,gene_name:ospD2,vf_name:T3SS,vf_accession:SS011
VFG012802__ospB	1	0	.	.	genus:Shigella,species:flexneri,strain:2a str. 301,gene_name:ospB,vf_name:T3SS,vf_accession:SS011
VFG012807__ospC1	1	0	.	.	genus:Shigella,species:flexneri,strain:2a str. 301,gene_name:ospC1,vf_name:T3SS,vf_accession:SS011
VFG012812__ospF	1	0	.	.	genus:Shigella,species:flexneri,strain:2a str. 301,gene_name:ospF,vf_name:T3SS,vf_accession:SS011
VFG012817__ospD3_senA	1	0	.	.	genus:Shigella,species:flexneri,strain:2a str. 301,gene_name:ospD3/senA,vf_name:T3SS,vf_accession:SS011
VFG012822__ospE1	1	0	.	.	genus:Shigella,species:flexneri,strain:2a str. 301,gene_name:ospE1,vf_name:T3SS,vf_accession:SS011
VFG012825__ospE2	1	0	.	.	genus:Shigella,species:flexneri,strain:2a str. 301,gene_name:ospE2,vf_name:T3SS,vf_accession:SS011
VFG012833__ipaH1.4	1	0	.	.	genus:Shigella,species:flexneri,strain:2a str. 301,gene_name:ipaH1.4,vf_name:T3SS,vf_accession:SS011
VFG012838__ipaH2.5	1	0	.	.	genus:Shigella,species:flexneri,strain:2a str. 301,gene_name:ipaH2.5,vf_name:T3SS,vf_accession:SS011
VFG012841__ipaH4.5	1	0	.	.	genus:Shigella,species:flexneri,strain:2a str. 301,gene_name:ipaH4.5,vf_name:T3SS,vf_accession:SS011
VFG013063__shuS	1	0	.	.	genus:Shigella,species:dysenteriae,strain:Sd197,gene_name:shuS,vf_name:Shu,vf_accession:VF0256
VFG013064__shuA	1	0	.	.	genus:Shigella,species:dysenteriae,strain:Sd197,gene_name:shuA,vf_name:Shu,vf_accession:VF0256
VFG013065__shuT	1	0	.	.	genus:Shigella,species:dysenteriae,strain:Sd197,gene_name:shuT,vf_name:Shu,vf_accession:VF0256
VFG013067__shuX	1	0	.	.	genus:Shigella,species:dysenteriae,strain:Sd197,gene_name:shuX,vf_name:Shu,vf_accession:VF0256
VFG013068__shuY	1	0	.	.	genus:Shigella,species:dysenteriae,strain:Sd197,gene_name:shuY,vf_name:Shu,vf_accession:VF0256
VFG013069__shuU	1	0	.	.	genus:Shigella,species:dysenteriae,strain:Sd197,gene_name:shuU,vf_name:Shu,vf_accession:VF0256
VFG013070__shuV	1	0	.	.	genus:Shigella,species:dysenteriae,strain:Sd197,gene_name:shuV,vf_name:Shu,vf_accession:VF0256
VFG017856__pilW	1	0	.	.	genus:Yersinia,species:enterocolitica,strain:subsp. enterocolitica 8081,gene_name:pilW,vf_name:Type IV pili,vf_accession:CVF049
VFG020318__cdtB	1	0	.	.	genus:Salmonella,species:enterica,strain:subsp. enterica serovar Typhi str. CT18,gene_name:cdtB,vf_name:CdtB,vf_accession:VF0407
VFG033805__nleD	1	0	.	.	genus:Escherichia,species:coli,strain:O55:H7 str. CB9615,gene_name:nleD,vf_name:NleD,vf_accession:VF0342
VFG034541__etpA	1	0	.	.	genus:Escherichia,species:coli,strain:O78:H11:K80 str. H10407,gene_name:etpA,vf_name:EtpA,vf_accession:VF0437
VFG034746__espK	1	0	.	.	genus:Escherichia,species:coli,strain:O157:H7 str. EDL933,gene_name:espK,vf_name:LEE encoded T3SS,vf_accession:SS020
VFG034754__espL1	1	0	.	.	genus:Escherichia,species:coli,strain:O157:H7 str. EDL933,gene_name:espL1,vf_name:LEE encoded T3SS,vf_accession:SS020
VFG034761__espL2	1	0	.	.	genus:Escherichia,species:coli,strain:O157:H7 str. EDL933,gene_name:espL2,vf_name:LEE encoded T3SS,vf_accession:SS020
VFG034772__espL4	1	0	.	.	genus:Escherichia,species:coli,strain:O157:H7 str. EDL933,gene_name:espL4,vf_name:LEE encoded T3SS,vf_accession:SS020
VFG034778__espM1	1	0	.	.	genus:Escherichia,species:coli,strain:O157:H7 str. EDL933,gene_name:espM1,vf_name:LEE encoded T3SS,vf_accession:SS020
VFG034786__espM2	1	0	.	.	genus:Escherichia,species:coli,strain:O157:H7 str. EDL933,gene_name:espM2,vf_name:LEE encoded T3SS,vf_accession:SS020
VFG034795__espN	1	0	.	.	genus:Escherichia,species:coli,strain:O157:H7 str. EDL933,gene_name:espN,vf_name:LEE encoded T3SS,vf_accession:SS020
VFG034815__espR1	1	0	.	.	genus:Escherichia,species:coli,strain:O157:H7 str. EDL933,gene_name:espR1,vf_name:LEE encoded T3SS,vf_accession:SS020
VFG034825__espR3	1	0	.	.	genus:Escherichia,species:coli,strain:O157:H7 str. EDL933,gene_name:espR3,vf_name:LEE encoded T3SS,vf_accession:SS020
VFG034831__espR4	1	0	.	.	genus:Escherichia,species:coli,strain:O157:H7 str. EDL933,gene_name:espR4,vf_name:LEE encoded T3SS,vf_accession:SS020
VFG034840__espW	1	0	.	.	genus:Escherichia,species:coli,strain:O157:H7 str. EDL933,gene_name:espW,vf_name:LEE encoded T3SS,vf_accession:SS020
VFG034849__espX1	1	0	.	.	genus:Escherichia,species:coli,strain:O157:H7 str. EDL933,gene_name:espX1,vf_name:LEE encoded T3SS,vf_accession:SS020
VFG034859__espX2	1	0	.	.	genus:Escherichia,species:coli,strain:O157:H7 str. EDL933,gene_name:espX2,vf_name:LEE encoded T3SS,vf_accession:SS020
VFG034866__espX4	1	0	.	.	genus:Escherichia,species:coli,strain:O157:H7 str. EDL933,gene_name:espX4,vf_name:LEE encoded T3SS,vf_accession:SS020
VFG034873__espX5	1	0	.	.	genus:Escherichia,species:coli,strain:O157:H7 str. EDL933,gene_name:espX5,vf_name:LEE encoded T3SS,vf_accession:SS020
VFG034880__espX6	1	0	.	.	genus:Escherichia,species:coli,strain:O157:H7 str. EDL933,gene_name:espX6,vf_name:LEE encoded T3SS,vf_accession:SS020
VFG034887__espX7_nleL	1	0	.	.	genus:Escherichia,species:coli,strain:O157:H7 str. EDL933,gene_name:espX7/nleL,vf_name:LEE encoded T3SS,vf_accession:SS020
VFG034895__espY1	1	0	.	.	genus:Escherichia,species:coli,strain:O157:H7 str. EDL933,gene_name:espY1,vf_name:LEE encoded T3SS,vf_accession:SS020
VFG034901__espY2	1	0	.	.	genus:Escherichia,species:coli,strain:O157:H7 str. EDL933,gene_name:espY2,vf_name:LEE encoded T3SS,vf_accession:SS020
VFG034908__espY3	1	0	.	.	genus:Escherichia,species:coli,strain:O157:H7 str. EDL933,gene_name:espY3,vf_name:LEE encoded T3SS,vf_accession:SS020
VFG034915__espY4	1	0	.	.	genus:Escherichia,species:coli,strain:O157:H7 str. EDL933,gene_name:espY4,vf_name:LEE encoded T3SS,vf_accession:SS020
VFG034932__nleB1	1	0	.	.	genus:Escherichia,species:coli,strain:O157:H7 str. EDL933,gene_name:nleB1,vf_name:LEE encoded T3SS,vf_accession:SS020
VFG034942__nleB2	1	0	.	.	genus:Escherichia,species:coli,strain:O157:H7 str. EDL933,gene_name:nleB2,vf_name:LEE encoded T3SS,vf_accession:SS020
VFG034954__nleE	1	0	.	.	genus:Escherichia,species:coli,strain:O157:H7 str. EDL933,gene_name:nleE,vf_name:LEE encoded T3SS,vf_accession:SS020
VFG034966__nleF	1	0	.	.	genus:Escherichia,species:coli,strain:O157:H7 str. EDL933,gene_name:nleF,vf_name:LEE encoded T3SS,vf_accession:SS020
VFG035043__nleG7_	1	0	.	.	genus:Escherichia,species:coli,strain:O157:H7 str. EDL933,gene_name:nleG7',vf_name:LEE encoded T3SS,vf_accession:SS020
VFG035062__nleH1	1	0	.	.	genus:Escherichia,species:coli,strain:O157:H7 str. EDL933,gene_name:nleH1,vf_name:LEE encoded T3SS,vf_accession:SS020
VFG035073__nleH2	1	0	.	.	genus:Escherichia,species:coli,strain:O157:H7 str. EDL933,gene_name:nleH2,vf_name:LEE encoded T3SS,vf_accession:SS020
VFG041905__ipaJ	1	0	.	.	genus:Shigella,species:flexneri,strain:2a str. 301,gene_name:ipaJ,vf_name:T3SS,vf_accession:SS011
VFG042066__steC	1	0	.	.	genus:Salmonella,species:enterica,strain:subsp. enterica serovar Typhimurium str. LT2,gene_name:steC,vf_name:SPI-2 encoded T3SS,vf_accession:SS021
VFG042067__steA	1	0	.	.	genus:Salmonella,species:enterica,strain:subsp. enterica serovar Typhimurium str. LT2,gene_name:steA,vf_name:SPI-1 encoded T3SS,vf_accession:SS010
VFG042068__sopD2	1	0	.	.	genus:Salmonella,species:enterica,strain:subsp. enterica serovar Typhimurium str. LT2,gene_name:sopD2,vf_name:SPI-2 encoded T3SS,vf_accession:SS021
VFG042214__steB	1	0	.	.	genus:Salmonella,species:enterica,strain:subsp. enterica serovar Typhimurium str. LT2,gene_name:steB,vf_name:SPI-1 encoded T3SS,vf_accession:SS010
VFG042216__sspH1	1	0	.	.	genus:Salmonella,species:enterica,strain:subsp. enterica serovar Typhimurium str. 14028s,gene_name:sspH1,vf_name:SPI-1 encoded T3SS,vf_accession:SS010
VFG042218__cif	1	0	.	.	genus:Escherichia,species:coli,strain:O26 str. C/15333,gene_name:cif,vf_name:Cif,vf_accession:VF0205
VFG042219__espT	0	0	.	.	genus:Escherichia,species:coli,strain:ONT:H- str. FV11678,gene_name:espT,vf_name:LEE encoded T3SS,vf_accession:SS020
VFG042311__yapC	1	0	.	.	genus:Yersinia,species:pestis,strain:CO92,gene_name:yapC,vf_name:YapC,vf_accession:VF0510
VFG042312__yapE	1	0	.	.	genus:Yersinia,species:pestis,strain:CO92,gene_name:yapE,vf_name:YapE,vf_accession:VF0505
VFG042325__ospI	1	0	.	.	genus:Shigella,species:flexneri,strain:2a str. 301,gene_name:ospI,vf_name:T3SS,vf_accession:SS011
VFG042382__etpB	1	0	.	.	genus:Escherichia,species:coli,strain:O78:H11:K80 str. H10407,gene_name:etpB,vf_name:EtpA,vf_accession:VF0437
VFG042389__sfaY	1	0	.	.	genus:Escherichia,species:coli,strain:UTI89,gene_name:sfaY,vf_name:S fimbriae,vf_accession:VF0222
VFG042390__sfaX	1	0	.	.	genus:Escherichia,species:coli,strain:UTI89,gene_name:sfaX,vf_name:S fimbriae,vf_accession:VF0222
VFG042423__afaA	1	0	.	.	genus:Escherichia,species:coli,strain:O25b:H4 str. FV9863,gene_name:afaA,vf_name:Afimbrial adhesin, AFA-I, mannose-resistant adhesin,vf_accession:AI010
VFG042424__afaB_I	1	0	.	.	genus:Escherichia,species:coli,strain:O25b:H4 str. FV9863,gene_name:afaB-I,vf_name:Afimbrial adhesin, AFA-I, mannose-resistant adhesin,vf_accession:AI010
VFG042425__afaC_I	1	0	.	.	genus:Escherichia,species:coli,strain:O25b:H4 str. FV9863,gene_name:afaC-I,vf_name:Afimbrial adhesin, AFA-I, mannose-resistant adhesin,vf_accession:AI010
VFG042426__afaD	1	0	.	.	genus:Escherichia,species:coli,strain:O25b:H4 str. FV9863,gene_name:afaD,vf_name:Afimbrial adhesin, AFA-I, mannose-resistant adhesin,vf_accession:AI010
VFG042428__afaE_II	1	0	.	.	genus:Escherichia,species:coli,strain:str. A22,gene_name:afaE-II,vf_name:Afimbrial adhesin, AFA-II, chloramphenicol-resistant adhesin,vf_accession:AI011
VFG042429__afaF_III	1	0	.	.	genus:Escherichia,species:coli,strain:str. A30,gene_name:afaF-III,vf_name:Afimbrial adhesin, AFA-III,vf_accession:AI012
VFG042432__afaC_III	1	0	.	.	genus:Escherichia,species:coli,strain:str. A30,gene_name:afaC-III,vf_name:Afimbrial adhesin, AFA-III,vf_accession:AI012
VFG042435__afaE_V	1	0	.	.	genus:Escherichia,species:coli,strain:str. AL 851,gene_name:afaE-V,vf_name:Afimbrial adhesin, AFA-V,vf_accession:AI013
VFG042436__afaC_VII	1	0	.	.	genus:Escherichia,species:coli,strain:str. 239 KH 89,gene_name:afaC-VII,vf_name:Afimbrial adhesin, AFA-VII,vf_accession:AI014
VFG042437__afaD_VII	1	0	.	.	genus:Escherichia,species:coli,strain:str. 239 KH 89,gene_name:afaD-VII,vf_name:Afimbrial adhesin, AFA-VII,vf_accession:AI014
VFG042438__afaG_VII	1	0	.	.	genus:Escherichia,species:coli,strain:str. 239 KH 89,gene_name:afaG-VII,vf_name:Afimbrial adhesin, AFA-VII,vf_accession:AI014
VFG042439__afaE_VII	1	0	.	.	genus:Escherichia,species:coli,strain:str. 239 KH 89,gene_name:afaE-VII,vf_name:Afimbrial adhesin, AFA-VII,vf_accession:AI014
VFG042440__afaF_VII	1	0	.	.	genus:Escherichia,species:coli,strain:str. 239 KH 89,gene_name:afaF-VII,vf_name:Afimbrial adhesin, AfaE-VIII,vf_accession:AI015
VFG042441__afaA_VIII	1	0	.	.	genus:Escherichia,species:coli,strain:str. 239 KH 89,gene_name:afaA-VIII,vf_name:Afimbrial adhesin, AfaE-VIII,vf_accession:AI015
VFG042442__afaB_VIII	1	0	.	.	genus:Escherichia,species:coli,strain:str. 239 KH 89,gene_name:afaB-VIII,vf_name:Afimbrial adhesin, AfaE-VIII,vf_accession:AI015
VFG042443__afaC_VIII	1	0	.	.	genus:Escherichia,species:coli,strain:str. 239 KH 89,gene_name:afaC-VIII,vf_name:Afimbrial adhesin, AfaE-VIII,vf_accession:AI015
VFG042444__afaD_VIII	1	0	.	.	genus:Escherichia,species:coli,strain:str. 239 KH 89,gene_name:afaD-VIII,vf_name:Afimbrial adhesin, AfaE-VIII,vf_accession:AI015
VFG042445__afaE_VIII	1	0	.	.	genus:Escherichia,species:coli,strain:str. 239 KH 89,gene_name:afaE-VIII,vf_name:Afimbrial adhesin, AfaE-VIII,vf_accession:AI015
VFG042446__daaC	0	0	.	.	genus:Escherichia,species:coli,strain:str. C1845,gene_name:daaC,vf_name:F1845 fimbrial adhesin,vf_accession:AI016
VFG042447__daaF	1	0	.	.	genus:Escherichia,species:coli,strain:str. C1845,gene_name:daaF,vf_name:F1845 fimbrial adhesin,vf_accession:AI016
VFG042448__daaA	1	0	.	.	genus:Escherichia,species:coli,strain:str. C1845,gene_name:daaA,vf_name:F1845 fimbrial adhesin,vf_accession:AI016
VFG042450__daaD	1	0	.	.	genus:Escherichia,species:coli,strain:str. C1845,gene_name:daaD,vf_name:F1845 fimbrial adhesin,vf_accession:AI016
VFG042455__cfaA	1	0	.	.	genus:Escherichia,species:coli,strain:str. E7473,gene_name:cfaA,vf_name:Colonization factor antigen I fimbriae (CFA/I),vf_accession:AI018
VFG042457__cfaC	1	0	.	.	genus:Escherichia,species:coli,strain:str. E7473,gene_name:cfaC,vf_name:Colonization factor antigen I fimbriae (CFA/I),vf_accession:AI018
VFG042458__cfaE	1	0	.	.	genus:Escherichia,species:coli,strain:str. E7473,gene_name:cfaE,vf_name:Colonization factor antigen I fimbriae (CFA/I),vf_accession:AI018
VFG042459__cfaD_	1	0	.	.	genus:Escherichia,species:coli,strain:str. E7473,gene_name:cfaD',vf_name:Colonization factor antigen I fimbriae (CFA/I),vf_accession:AI018
VFG042471__csaA	1	0	.	.	genus:Escherichia,species:coli,strain:O25:H42 str. E11881A,gene_name:csaA,vf_name:coli surface antigen CS4,vf_accession:AI022
VFG042472__csaB	1	0	.	.	genus:Escherichia,species:coli,strain:O25:H42 str. E11881A,gene_name:csaB,vf_name:coli surface antigen CS4,vf_accession:AI022
VFG042473__csaC	1	0	.	.	genus:Escherichia,species:coli,strain:O25:H42 str. E11881A,gene_name:csaC,vf_name:coli surface antigen CS4,vf_accession:AI022
VFG042474__csaE	1	0	.	.	genus:Escherichia,species:coli,strain:O25:H42 str. E11881A,gene_name:csaE,vf_name:coli surface antigen CS4,vf_accession:AI022
VFG042506__csbB	1	0	.	.	genus:Escherichia,species:coli,strain:O8:H9 str. WS6788A,gene_name:csbB,vf_name:coli surface antigen CS17,vf_accession:AI030
VFG042508__csbC	1	0	.	.	genus:Escherichia,species:coli,strain:O8:H9 str. WS6788A,gene_name:csbC,vf_name:coli surface antigen CS17,vf_accession:AI030
VFG042509__csbD	1	0	.	.	genus:Escherichia,species:coli,strain:O8:H9 str. WS6788A,gene_name:csbD,vf_name:coli surface antigen CS17,vf_accession:AI030
VFG042519__csdB	1	0	.	.	genus:Escherichia,species:coli,strain:O114:H- str. WS0115A,gene_name:csdB,vf_name:coli surface antigen CS19,vf_accession:AI032
VFG042520__csdA	1	0	.	.	genus:Escherichia,species:coli,strain:O114:H- str. WS0115A,gene_name:csdA,vf_name:coli surface antigen CS19,vf_accession:AI032
VFG042521__csdC	1	0	.	.	genus:Escherichia,species:coli,strain:O114:H- str. WS0115A,gene_name:csdC,vf_name:coli surface antigen CS19,vf_accession:AI032
VFG042522__csdD	1	0	.	.	genus:Escherichia,species:coli,strain:O114:H- str. WS0115A,gene_name:csdD,vf_name:coli surface antigen CS19,vf_accession:AI032
VFG042535__f17d_A	1	0	.	.	genus:Escherichia,species:coli,strain:str. 111KH86,gene_name:f17d-A,vf_name:F17 pili,vf_accession:AI037
VFG042536__f17d_D	1	0	.	.	genus:Escherichia,species:coli,strain:str. 111KH86,gene_name:f17d-D,vf_name:F17 pili,vf_accession:AI037
VFG042537__f17d_C	1	0	.	.	genus:Escherichia,species:coli,strain:str. 111KH86,gene_name:f17d-C,vf_name:F17 pili,vf_accession:AI037
VFG042538__f17d_G	1	0	.	.	genus:Escherichia,species:coli,strain:str. 111KH86,gene_name:f17d-G,vf_name:F17 pili,vf_accession:AI037
VFG042552__faeD	1	0	.	.	genus:Escherichia,species:coli,strain:SE11,gene_name:faeD,vf_name:K88 pili/F4 fimbriae,vf_accession:AI040
VFG042553__faeE	1	0	.	.	genus:Escherichia,species:coli,strain:SE11,gene_name:faeE,vf_name:K88 pili/F4 fimbriae,vf_accession:AI040
VFG042554__faeF	1	0	.	.	genus:Escherichia,species:coli,strain:SE11,gene_name:faeF,vf_name:K88 pili/F4 fimbriae,vf_accession:AI040
VFG042555__faeG	1	0	.	.	genus:Escherichia,species:coli,strain:SE11,gene_name:faeG,vf_name:K88 pili/F4 fimbriae,vf_accession:AI040
VFG042556__faeH	1	0	.	.	genus:Escherichia,species:coli,strain:SE11,gene_name:faeH,vf_name:K88 pili/F4 fimbriae,vf_accession:AI040
VFG042557__faeI	1	0	.	.	genus:Escherichia,species:coli,strain:SE11,gene_name:faeI,vf_name:K88 pili/F4 fimbriae,vf_accession:AI040
VFG042558__faeJ	1	0	.	.	genus:Escherichia,species:coli,strain:SE11,gene_name:faeJ,vf_name:K88 pili/F4 fimbriae,vf_accession:AI040
VFG042559__faeC	1	0	.	.	genus:Escherichia,species:coli,strain:,gene_name:faeC,vf_name:K88 pili/F4 fimbriae,vf_accession:AI040
VFG043205__cheZ	1	0	.	.	genus:Yersinia,species:enterocolitica,strain:subsp. enterocolitica 8081,gene_name:cheZ,vf_name:peritrichous flagella,vf_accession:AI145
VFG043206__cheY	1	0	.	.	genus:Yersinia,species:enterocolitica,strain:subsp. enterocolitica 8081,gene_name:cheY,vf_name:peritrichous flagella,vf_accession:AI145
VFG043207__cheB	1	0	.	.	genus:Yersinia,species:enterocolitica,strain:subsp. enterocolitica 8081,gene_name:cheB,vf_name:peritrichous flagella,vf_accession:AI145
VFG043208__cheR	1	0	.	.	genus:Yersinia,species:enterocolitica,strain:subsp. enterocolitica 8081,gene_name:cheR,vf_name:peritrichous flagella,vf_accession:AI145
VFG043209__cheD	1	0	.	.	genus:Yersinia,species:enterocolitica,strain:subsp. enterocolitica 8081,gene_name:cheD,vf_name:peritrichous flagella,vf_accession:AI145
VFG043210__cheW	1	0	.	.	genus:Yersinia,species:enterocolitica,strain:subsp. enterocolitica 8081,gene_name:cheW,vf_name:peritrichous flagella,vf_accession:AI145
VFG043211__cheA	1	0	.	.	genus:Yersinia,species:enterocolitica,strain:subsp. enterocolitica 8081,gene_name:cheA,vf_name:peritrichous flagella,vf_accession:AI145
VFG043212__motB	1	0	.	.	genus:Yersinia,species:enterocolitica,strain:subsp. enterocolitica 8081,gene_name:motB,vf_name:peritrichous flagella,vf_accession:AI145
VFG043213__motA	1	0	.	.	genus:Yersinia,species:enterocolitica,strain:subsp. enterocolitica 8081,gene_name:motA,vf_name:peritrichous flagella,vf_accession:AI145
VFG043732__cdtA	1	0	.	.	genus:Escherichia,species:coli,strain:O157:H str. 493/89,gene_name:cdtA,vf_name:CDT,vf_accession:VF0185
VFG043733__cdtB	1	0	.	.	genus:Escherichia,species:coli,strain:O157:H str. 493/89,gene_name:cdtB,vf_name:CDT,vf_accession:VF0185
VFG043734__cdtC	1	0	.	.	genus:Escherichia,species:coli,strain:O157:H str. 493/89,gene_name:cdtC,vf_name:CDT,vf_accession:VF0185
VFG044159__fes	1	0	.	.	genus:Escherichia,species:coli,strain:CFT073,gene_name:fes,vf_name:enterobactin,vf_accession:VF0228
VFG044165__entS	1	0	.	.	genus:Escherichia,species:coli,strain:CFT073,gene_name:entS,vf_name:enterobactin,vf_accession:VF0228
VFG044172__chuV	1	0	.	.	genus:Escherichia,species:coli,strain:CFT073,gene_name:chuV,vf_name:Chu,vf_accession:VF0227
VFG045328__east1	1	0	.	.	genus:Escherichia,species:coli,strain:ONT:HND str. A16,gene_name:east1,vf_name:EAST1,vf_accession:VF0188
VFG045339__nleA	1	0	.	.	genus:Escherichia,species:coli,strain:C342-62,gene_name:nleA,vf_name:NleA/EspI,vf_accession:VF0339
VFG045342__yapK	1	0	.	.	genus:Yersinia,species:pestis,strain:CO92,gene_name:yapK,vf_name:YapK,vf_accession:VF0508
VFG045343__yapJ	1	0	.	.	genus:Yersinia,species:pestis,strain:CO92,gene_name:yapJ,vf_name:YapJ,vf_accession:VF0509
VFG045344__yapV	1	0	.	.	genus:Yersinia,species:pestis,strain:KIM 10,gene_name:yapV,vf_name:YapV,vf_accession:VF0507
VFG045347__yaxA	1	0	.	.	genus:Yersinia,species:enterocolitica,strain:subsp. enterocolitica 8081,gene_name:yaxA,vf_name:YaxAB,vf_accession:VF0511
VFG045348__yaxB	1	0	.	.	genus:Yersinia,species:enterocolitica,strain:subsp. enterocolitica 8081,gene_name:yaxB,vf_name:YaxAB,vf_accession:VF0511
VFG045349__fdeC	1	0	.	.	genus:Escherichia,species:coli,strain:O45:K1:H7 str. S88,gene_name:fdeC,vf_name:FdeC,vf_accession:VF0506
VFG045464__tcpC	1	0	.	.	genus:Escherichia,species:coli,strain:CFT073,gene_name:tcpC,vf_name:TcpC,vf_accession:VF0413
